case,t,start_x,target_x,side,agent_x,agent_y,action_x,action_y,blocked,next_x,next_y
0,0,-0.25,-0.62,-1,-0.25,-0.77999997139,-0.246835380793,0.969057440758,0,-0.289493650198,-0.624950766563
1,0,-0.25,-0.62,1,-0.25,-0.77999997139,0.587717831135,0.809066057205,0,-0.155965149403,-0.650549411774
2,0,-0.25,0,-1,-0.25,-0.77999997139,-0.246835380793,0.969057440758,0,-0.289493650198,-0.624950766563
3,0,-0.25,0,1,-0.25,-0.77999997139,0.587717831135,0.809066057205,0,-0.155965149403,-0.650549411774
4,0,-0.25,0.62,-1,-0.25,-0.77999997139,-0.246835380793,0.969057440758,0,-0.289493650198,-0.624950766563
5,0,-0.25,0.62,1,-0.25,-0.77999997139,0.587717831135,0.809066057205,0,-0.155965149403,-0.650549411774
6,0,-0.125,-0.62,-1,-0.125,-0.77999997139,-0.349185109138,0.937053740025,0,-0.180869609118,-0.630071401596
7,0,-0.125,-0.62,1,-0.125,-0.77999997139,0.51981908083,0.854276359081,0,-0.0418289452791,-0.643315792084
8,0,-0.125,0,-1,-0.125,-0.77999997139,-0.349185109138,0.937053740025,0,-0.180869609118,-0.630071401596
9,0,-0.125,0,1,-0.125,-0.77999997139,0.51981908083,0.854276359081,0,-0.0418289452791,-0.643315792084
10,0,-0.125,0.62,-1,-0.125,-0.77999997139,-0.349185109138,0.937053740025,0,-0.180869609118,-0.630071401596
11,0,-0.125,0.62,1,-0.125,-0.77999997139,0.51981908083,0.854276359081,0,-0.0418289452791,-0.643315792084
12,0,0,-0.62,-1,0,-0.77999997139,-0.440425008535,0.897789478302,0,-0.0704680010676,-0.636353671551
13,0,0,-0.62,1,0,-0.77999997139,0.440425008535,0.897789478302,0,0.0704680010676,-0.636353671551
14,0,0,0,-1,0,-0.77999997139,-0.440425008535,0.897789478302,0,-0.0704680010676,-0.636353671551
15,0,0,0,1,0,-0.77999997139,0.440425008535,0.897789478302,0,0.0704680010676,-0.636353671551
16,0,0,0.62,-1,0,-0.77999997139,-0.440425008535,0.897789478302,0,-0.0704680010676,-0.636353671551
17,0,0,0.62,1,0,-0.77999997139,0.440425008535,0.897789478302,0,0.0704680010676,-0.636353671551
18,0,0.125,-0.62,-1,0.125,-0.77999997139,-0.51981908083,0.854276359081,0,0.0418289452791,-0.643315792084
19,0,0.125,-0.62,1,0.125,-0.77999997139,0.349185109138,0.937053740025,0,0.180869609118,-0.630071401596
20,0,0.125,0,-1,0.125,-0.77999997139,-0.51981908083,0.854276359081,0,0.0418289452791,-0.643315792084
21,0,0.125,0,1,0.125,-0.77999997139,0.349185109138,0.937053740025,0,0.180869609118,-0.630071401596
22,0,0.125,0.62,-1,0.125,-0.77999997139,-0.51981908083,0.854276359081,0,0.0418289452791,-0.643315792084
23,0,0.125,0.62,1,0.125,-0.77999997139,0.349185109138,0.937053740025,0,0.180869609118,-0.630071401596
24,0,0.25,-0.62,-1,0.25,-0.77999997139,-0.587717831135,0.809066057205,0,0.155965149403,-0.650549411774
25,0,0.25,-0.62,1,0.25,-0.77999997139,0.246835380793,0.969057440758,0,0.289493650198,-0.624950766563
26,0,0.25,0,-1,0.25,-0.77999997139,-0.587717831135,0.809066057205,0,0.155965149403,-0.650549411774
27,0,0.25,0,1,0.25,-0.77999997139,0.246835380793,0.969057440758,0,0.289493650198,-0.624950766563
28,0,0.25,0.62,-1,0.25,-0.77999997139,-0.587717831135,0.809066057205,0,0.155965149403,-0.650549411774
29,0,0.25,0.62,1,0.25,-0.77999997139,0.246835380793,0.969057440758,0,0.289493650198,-0.624950766563
0,1,-0.25,-0.62,-1,-0.289493650198,-0.624950766563,-0.246835395694,0.969057440758,0,-0.328987300396,-0.469901561737
1,1,-0.25,-0.62,1,-0.155965149403,-0.650549411774,0.587717711926,0.809065937996,0,-0.061930321157,-0.521098852158
2,1,-0.25,0,-1,-0.289493650198,-0.624950766563,-0.246835395694,0.969057440758,0,-0.328987300396,-0.469901561737
3,1,-0.25,0,1,-0.155965149403,-0.650549411774,0.587717711926,0.809065937996,0,-0.061930321157,-0.521098852158
4,1,-0.25,0.62,-1,-0.289493650198,-0.624950766563,-0.246835395694,0.969057440758,0,-0.328987300396,-0.469901561737
5,1,-0.25,0.62,1,-0.155965149403,-0.650549411774,0.587717711926,0.809065937996,0,-0.061930321157,-0.521098852158
6,1,-0.125,-0.62,-1,-0.180869609118,-0.630071401596,-0.349185109138,0.937053740025,0,-0.236739218235,-0.480142802
7,1,-0.125,-0.62,1,-0.0418289452791,-0.643315792084,0.519819140434,0.854276418686,0,0.0413421168923,-0.506631553173
8,1,-0.125,0,-1,-0.180869609118,-0.630071401596,-0.349185109138,0.937053740025,0,-0.236739218235,-0.480142802
9,1,-0.125,0,1,-0.0418289452791,-0.643315792084,0.519819140434,0.854276418686,0,0.0413421168923,-0.506631553173
10,1,-0.125,0.62,-1,-0.180869609118,-0.630071401596,-0.349185109138,0.937053740025,0,-0.236739218235,-0.480142802
11,1,-0.125,0.62,1,-0.0418289452791,-0.643315792084,0.519819140434,0.854276418686,0,0.0413421168923,-0.506631553173
12,1,0,-0.62,-1,-0.0704680010676,-0.636353671551,-0.440424948931,0.897789359093,0,-0.140935987234,-0.492707371712
13,1,0,-0.62,1,0.0704680010676,-0.636353671551,0.440424948931,0.897789359093,0,0.140935987234,-0.492707371712
14,1,0,0,-1,-0.0704680010676,-0.636353671551,-0.440424948931,0.897789359093,0,-0.140935987234,-0.492707371712
15,1,0,0,1,0.0704680010676,-0.636353671551,0.440424948931,0.897789359093,0,0.140935987234,-0.492707371712
16,1,0,0.62,-1,-0.0704680010676,-0.636353671551,-0.440424948931,0.897789359093,0,-0.140935987234,-0.492707371712
17,1,0,0.62,1,0.0704680010676,-0.636353671551,0.440424948931,0.897789359093,0,0.140935987234,-0.492707371712
18,1,0.125,-0.62,-1,0.0418289452791,-0.643315792084,-0.519819140434,0.854276418686,0,-0.0413421168923,-0.506631553173
19,1,0.125,-0.62,1,0.180869609118,-0.630071401596,0.349185109138,0.937053740025,0,0.236739218235,-0.480142802
20,1,0.125,0,-1,0.0418289452791,-0.643315792084,-0.519819140434,0.854276418686,0,-0.0413421168923,-0.506631553173
21,1,0.125,0,1,0.180869609118,-0.630071401596,0.349185109138,0.937053740025,0,0.236739218235,-0.480142802
22,1,0.125,0.62,-1,0.0418289452791,-0.643315792084,-0.519819140434,0.854276418686,0,-0.0413421168923,-0.506631553173
23,1,0.125,0.62,1,0.180869609118,-0.630071401596,0.349185109138,0.937053740025,0,0.236739218235,-0.480142802
24,1,0.25,-0.62,-1,0.155965149403,-0.650549411774,-0.587717711926,0.809065937996,0,0.061930321157,-0.521098852158
25,1,0.25,-0.62,1,0.289493650198,-0.624950766563,0.246835395694,0.969057440758,0,0.328987300396,-0.469901561737
26,1,0.25,0,-1,0.155965149403,-0.650549411774,-0.587717711926,0.809065937996,0,0.061930321157,-0.521098852158
27,1,0.25,0,1,0.289493650198,-0.624950766563,0.246835395694,0.969057440758,0,0.328987300396,-0.469901561737
28,1,0.25,0.62,-1,0.155965149403,-0.650549411774,-0.587717711926,0.809065937996,0,0.061930321157,-0.521098852158
29,1,0.25,0.62,1,0.289493650198,-0.624950766563,0.246835395694,0.969057440758,0,0.328987300396,-0.469901561737
0,2,-0.25,-0.62,-1,-0.328987300396,-0.469901561737,-0.246835410595,0.969057440758,0,-0.368480980396,-0.314852356911
1,2,-0.25,-0.62,1,-0.061930321157,-0.521098852158,0.58771777153,0.809065997601,0,0.0321045219898,-0.391648292542
2,2,-0.25,0,-1,-0.328987300396,-0.469901561737,-0.246835410595,0.969057440758,0,-0.368480980396,-0.314852356911
3,2,-0.25,0,1,-0.061930321157,-0.521098852158,0.58771777153,0.809065997601,0,0.0321045219898,-0.391648292542
4,2,-0.25,0.62,-1,-0.328987300396,-0.469901561737,-0.246835410595,0.969057440758,0,-0.368480980396,-0.314852356911
5,2,-0.25,0.62,1,-0.061930321157,-0.521098852158,0.58771777153,0.809065997601,0,0.0321045219898,-0.391648292542
6,2,-0.125,-0.62,-1,-0.236739218235,-0.480142802,-0.349185109138,0.937053740025,0,-0.292608827353,-0.330214202404
7,2,-0.125,-0.62,1,0.0413421168923,-0.506631553173,0.51981908083,0.854276418686,0,0.124513171613,-0.369947314262
8,2,-0.125,0,-1,-0.236739218235,-0.480142802,-0.349185109138,0.937053740025,0,-0.292608827353,-0.330214202404
9,2,-0.125,0,1,0.0413421168923,-0.506631553173,0.51981908083,0.854276418686,0,0.124513171613,-0.369947314262
10,2,-0.125,0.62,-1,-0.236739218235,-0.480142802,-0.349185109138,0.937053740025,0,-0.292608827353,-0.330214202404
11,2,-0.125,0.62,1,0.0413421168923,-0.506631553173,0.51981908083,0.854276418686,0,0.124513171613,-0.369947314262
12,2,0,-0.62,-1,-0.140935987234,-0.492707371712,-0.440425008535,0.897789418697,0,-0.211403995752,-0.349061071873
13,2,0,-0.62,1,0.140935987234,-0.492707371712,0.440425008535,0.897789418697,0,0.211403995752,-0.349061071873
14,2,0,0,-1,-0.140935987234,-0.492707371712,-0.440425008535,0.897789418697,0,-0.211403995752,-0.349061071873
15,2,0,0,1,0.140935987234,-0.492707371712,0.440425008535,0.897789418697,0,0.211403995752,-0.349061071873
16,2,0,0.62,-1,-0.140935987234,-0.492707371712,-0.440425008535,0.897789418697,0,-0.211403995752,-0.349061071873
17,2,0,0.62,1,0.140935987234,-0.492707371712,0.440425008535,0.897789418697,0,0.211403995752,-0.349061071873
18,2,0.125,-0.62,-1,-0.0413421168923,-0.506631553173,-0.51981908083,0.854276418686,0,-0.124513171613,-0.369947314262
19,2,0.125,-0.62,1,0.236739218235,-0.480142802,0.349185109138,0.937053740025,0,0.292608827353,-0.330214202404
20,2,0.125,0,-1,-0.0413421168923,-0.506631553173,-0.51981908083,0.854276418686,0,-0.124513171613,-0.369947314262
21,2,0.125,0,1,0.236739218235,-0.480142802,0.349185109138,0.937053740025,0,0.292608827353,-0.330214202404
22,2,0.125,0.62,-1,-0.0413421168923,-0.506631553173,-0.51981908083,0.854276418686,0,-0.124513171613,-0.369947314262
23,2,0.125,0.62,1,0.236739218235,-0.480142802,0.349185109138,0.937053740025,0,0.292608827353,-0.330214202404
24,2,0.25,-0.62,-1,0.061930321157,-0.521098852158,-0.58771777153,0.809065997601,0,-0.0321045219898,-0.391648292542
25,2,0.25,-0.62,1,0.328987300396,-0.469901561737,0.246835410595,0.969057440758,0,0.368480980396,-0.314852356911
26,2,0.25,0,-1,0.061930321157,-0.521098852158,-0.58771777153,0.809065997601,0,-0.0321045219898,-0.391648292542
27,2,0.25,0,1,0.328987300396,-0.469901561737,0.246835410595,0.969057440758,0,0.368480980396,-0.314852356911
28,2,0.25,0.62,-1,0.061930321157,-0.521098852158,-0.58771777153,0.809065997601,0,-0.0321045219898,-0.391648292542
29,2,0.25,0.62,1,0.328987300396,-0.469901561737,0.246835410595,0.969057440758,0,0.368480980396,-0.314852356911
0,3,-0.25,-0.62,-1,-0.368480980396,-0.314852356911,-0.246835410595,0.969057440758,0,-0.407974660397,-0.159803166986
1,3,-0.25,-0.62,1,0.0321045219898,-0.391648292542,0.58771777153,0.809065997601,0,0.126139372587,-0.262197732925
2,3,-0.25,0,-1,-0.368480980396,-0.314852356911,-0.246835410595,0.969057440758,0,-0.407974660397,-0.159803166986
3,3,-0.25,0,1,0.0321045219898,-0.391648292542,0.58771777153,0.809065997601,0,0.126139372587,-0.262197732925
4,3,-0.25,0.62,-1,-0.368480980396,-0.314852356911,-0.246835410595,0.969057440758,0,-0.407974660397,-0.159803166986
5,3,-0.25,0.62,1,0.0321045219898,-0.391648292542,0.58771777153,0.809065997601,0,0.126139372587,-0.262197732925
6,3,-0.125,-0.62,-1,-0.292608827353,-0.330214202404,-0.349185109138,0.937053740025,0,-0.34847843647,-0.180285602808
7,3,-0.125,-0.62,1,0.124513171613,-0.369947314262,0.519819140434,0.854276418686,0,0.207684233785,-0.233263090253
8,3,-0.125,0,-1,-0.292608827353,-0.330214202404,-0.349185109138,0.937053740025,0,-0.34847843647,-0.180285602808
9,3,-0.125,0,1,0.124513171613,-0.369947314262,0.519819140434,0.854276418686,0,0.207684233785,-0.233263090253
10,3,-0.125,0.62,-1,-0.292608827353,-0.330214202404,-0.349185109138,0.937053740025,0,-0.34847843647,-0.180285602808
11,3,-0.125,0.62,1,0.124513171613,-0.369947314262,0.519819140434,0.854276418686,0,0.207684233785,-0.233263090253
12,3,0,-0.62,-1,-0.211403995752,-0.349061071873,-0.440424948931,0.897789359093,0,-0.281871974468,-0.205414772034
13,3,0,-0.62,1,0.211403995752,-0.349061071873,0.440424948931,0.897789359093,0,0.281871974468,-0.205414772034
14,3,0,0,-1,-0.211403995752,-0.349061071873,-0.440424948931,0.897789359093,0,-0.281871974468,-0.205414772034
15,3,0,0,1,0.211403995752,-0.349061071873,0.440424948931,0.897789359093,0,0.281871974468,-0.205414772034
16,3,0,0.62,-1,-0.211403995752,-0.349061071873,-0.440424948931,0.897789359093,0,-0.281871974468,-0.205414772034
17,3,0,0.62,1,0.211403995752,-0.349061071873,0.440424948931,0.897789359093,0,0.281871974468,-0.205414772034
18,3,0.125,-0.62,-1,-0.124513171613,-0.369947314262,-0.519819140434,0.854276418686,0,-0.207684233785,-0.233263090253
19,3,0.125,-0.62,1,0.292608827353,-0.330214202404,0.349185109138,0.937053740025,0,0.34847843647,-0.180285602808
20,3,0.125,0,-1,-0.124513171613,-0.369947314262,-0.519819140434,0.854276418686,0,-0.207684233785,-0.233263090253
21,3,0.125,0,1,0.292608827353,-0.330214202404,0.349185109138,0.937053740025,0,0.34847843647,-0.180285602808
22,3,0.125,0.62,-1,-0.124513171613,-0.369947314262,-0.519819140434,0.854276418686,0,-0.207684233785,-0.233263090253
23,3,0.125,0.62,1,0.292608827353,-0.330214202404,0.349185109138,0.937053740025,0,0.34847843647,-0.180285602808
24,3,0.25,-0.62,-1,-0.0321045219898,-0.391648292542,-0.58771777153,0.809065997601,0,-0.126139372587,-0.262197732925
25,3,0.25,-0.62,1,0.368480980396,-0.314852356911,0.246835410595,0.969057440758,0,0.407974660397,-0.159803166986
26,3,0.25,0,-1,-0.0321045219898,-0.391648292542,-0.58771777153,0.809065997601,0,-0.126139372587,-0.262197732925
27,3,0.25,0,1,0.368480980396,-0.314852356911,0.246835410595,0.969057440758,0,0.407974660397,-0.159803166986
28,3,0.25,0.62,-1,-0.0321045219898,-0.391648292542,-0.58771777153,0.809065997601,0,-0.126139372587,-0.262197732925
29,3,0.25,0.62,1,0.368480980396,-0.314852356911,0.246835410595,0.969057440758,0,0.407974660397,-0.159803166986
0,4,-0.25,-0.62,-1,-0.407974660397,-0.159803166986,-0.246835336089,0.969057381153,0,-0.447468310595,-0.00475399196148
1,4,-0.25,-0.62,1,0.126139372587,-0.262197732925,0.58771777153,0.809065997601,0,0.220174223185,-0.132747173309
2,4,-0.25,0,-1,-0.407974660397,-0.159803166986,-0.246835336089,0.969057381153,0,-0.447468310595,-0.00475399196148
3,4,-0.25,0,1,0.126139372587,-0.262197732925,0.58771777153,0.809065997601,0,0.220174223185,-0.132747173309
4,4,-0.25,0.62,-1,-0.407974660397,-0.159803166986,-0.246835336089,0.969057381153,0,-0.447468310595,-0.00475399196148
5,4,-0.25,0.62,1,0.126139372587,-0.262197732925,0.58771777153,0.809065997601,0,0.220174223185,-0.132747173309
6,4,-0.125,-0.62,-1,-0.34847843647,-0.180285602808,-0.349185168743,0.937053740025,0,-0.40434807539,-0.030357003212
7,4,-0.125,-0.62,1,0.207684233785,-0.233263090253,0.51981908083,0.854276359081,1,0.207684233785,-0.233263090253
8,4,-0.125,0,-1,-0.34847843647,-0.180285602808,-0.349185168743,0.937053740025,0,-0.40434807539,-0.030357003212
9,4,-0.125,0,1,0.207684233785,-0.233263090253,0.51981908083,0.854276359081,1,0.207684233785,-0.233263090253
10,4,-0.125,0.62,-1,-0.34847843647,-0.180285602808,-0.349185168743,0.937053740025,0,-0.40434807539,-0.030357003212
11,4,-0.125,0.62,1,0.207684233785,-0.233263090253,0.51981908083,0.854276359081,1,0.207684233785,-0.233263090253
12,4,0,-0.62,-1,-0.281871974468,-0.205414772034,-0.440424978733,0.897789359093,0,-0.352339982986,-0.0617684721947
13,4,0,-0.62,1,0.281871974468,-0.205414772034,0.440424978733,0.897789359093,0,0.352339982986,-0.0617684721947
14,4,0,0,-1,-0.281871974468,-0.205414772034,-0.440424978733,0.897789359093,0,-0.352339982986,-0.0617684721947
15,4,0,0,1,0.281871974468,-0.205414772034,0.440424978733,0.897789359093,0,0.352339982986,-0.0617684721947
16,4,0,0.62,-1,-0.281871974468,-0.205414772034,-0.440424978733,0.897789359093,0,-0.352339982986,-0.0617684721947
17,4,0,0.62,1,0.281871974468,-0.205414772034,0.440424978733,0.897789359093,0,0.352339982986,-0.0617684721947
18,4,0.125,-0.62,-1,-0.207684233785,-0.233263090253,-0.51981908083,0.854276359081,1,-0.207684233785,-0.233263090253
19,4,0.125,-0.62,1,0.34847843647,-0.180285602808,0.349185168743,0.937053740025,0,0.40434807539,-0.030357003212
20,4,0.125,0,-1,-0.207684233785,-0.233263090253,-0.51981908083,0.854276359081,1,-0.207684233785,-0.233263090253
21,4,0.125,0,1,0.34847843647,-0.180285602808,0.349185168743,0.937053740025,0,0.40434807539,-0.030357003212
22,4,0.125,0.62,-1,-0.207684233785,-0.233263090253,-0.51981908083,0.854276359081,1,-0.207684233785,-0.233263090253
23,4,0.125,0.62,1,0.34847843647,-0.180285602808,0.349185168743,0.937053740025,0,0.40434807539,-0.030357003212
24,4,0.25,-0.62,-1,-0.126139372587,-0.262197732925,-0.58771777153,0.809065997601,0,-0.220174223185,-0.132747173309
25,4,0.25,-0.62,1,0.407974660397,-0.159803166986,0.246835336089,0.969057381153,0,0.447468310595,-0.00475399196148
26,4,0.25,0,-1,-0.126139372587,-0.262197732925,-0.58771777153,0.809065997601,0,-0.220174223185,-0.132747173309
27,4,0.25,0,1,0.407974660397,-0.159803166986,0.246835336089,0.969057381153,0,0.447468310595,-0.00475399196148
28,4,0.25,0.62,-1,-0.126139372587,-0.262197732925,-0.58771777153,0.809065997601,0,-0.220174223185,-0.132747173309
29,4,0.25,0.62,1,0.407974660397,-0.159803166986,0.246835336089,0.969057381153,0,0.447468310595,-0.00475399196148
0,5,-0.25,-0.62,-1,-0.447468310595,-0.00475399196148,-0.246835365891,0.969057440758,0,-0.486961960793,0.150295197964
1,5,-0.25,-0.62,1,0.220174223185,-0.132747173309,0.58771777153,0.809066057205,0,0.314209073782,-0.00329661369324
2,5,-0.25,0,-1,-0.447468310595,-0.00475399196148,-0.246835365891,0.969057440758,0,-0.486961960793,0.150295197964
3,5,-0.25,0,1,0.220174223185,-0.132747173309,0.58771777153,0.809066057205,0,0.314209073782,-0.00329661369324
4,5,-0.25,0.62,-1,-0.447468310595,-0.00475399196148,-0.246835365891,0.969057440758,0,-0.486961960793,0.150295197964
5,5,-0.25,0.62,1,0.220174223185,-0.132747173309,0.58771777153,0.809066057205,0,0.314209073782,-0.00329661369324
6,5,-0.125,-0.62,-1,-0.40434807539,-0.030357003212,-0.349185138941,0.937053740025,0,-0.460217684507,0.119571596384
7,5,-0.125,-0.62,1,0.207684233785,-0.233263090253,0.51981908083,0.854276359081,1,0.207684233785,-0.233263090253
8,5,-0.125,0,-1,-0.40434807539,-0.030357003212,-0.349185138941,0.937053740025,0,-0.460217684507,0.119571596384
9,5,-0.125,0,1,0.207684233785,-0.233263090253,0.51981908083,0.854276359081,1,0.207684233785,-0.233263090253
10,5,-0.125,0.62,-1,-0.40434807539,-0.030357003212,-0.349185138941,0.937053740025,0,-0.460217684507,0.119571596384
11,5,-0.125,0.62,1,0.207684233785,-0.233263090253,0.51981908083,0.854276359081,1,0.207684233785,-0.233263090253
12,5,0,-0.62,-1,-0.352339982986,-0.0617684721947,-0.440424978733,0.897789418697,0,-0.422807991505,0.0818778276443
13,5,0,-0.62,1,0.352339982986,-0.0617684721947,0.440424978733,0.897789418697,0,0.422807991505,0.0818778276443
14,5,0,0,-1,-0.352339982986,-0.0617684721947,-0.440424978733,0.897789418697,0,-0.422807991505,0.0818778276443
15,5,0,0,1,0.352339982986,-0.0617684721947,0.440424978733,0.897789418697,0,0.422807991505,0.0818778276443
16,5,0,0.62,-1,-0.352339982986,-0.0617684721947,-0.440424978733,0.897789418697,0,-0.422807991505,0.0818778276443
17,5,0,0.62,1,0.352339982986,-0.0617684721947,0.440424978733,0.897789418697,0,0.422807991505,0.0818778276443
18,5,0.125,-0.62,-1,-0.207684233785,-0.233263090253,-0.51981908083,0.854276359081,1,-0.207684233785,-0.233263090253
19,5,0.125,-0.62,1,0.40434807539,-0.030357003212,0.349185138941,0.937053740025,0,0.460217684507,0.119571596384
20,5,0.125,0,-1,-0.207684233785,-0.233263090253,-0.51981908083,0.854276359081,1,-0.207684233785,-0.233263090253
21,5,0.125,0,1,0.40434807539,-0.030357003212,0.349185138941,0.937053740025,0,0.460217684507,0.119571596384
22,5,0.125,0.62,-1,-0.207684233785,-0.233263090253,-0.51981908083,0.854276359081,1,-0.207684233785,-0.233263090253
23,5,0.125,0.62,1,0.40434807539,-0.030357003212,0.349185138941,0.937053740025,0,0.460217684507,0.119571596384
24,5,0.25,-0.62,-1,-0.220174223185,-0.132747173309,-0.58771777153,0.809066057205,0,-0.314209073782,-0.00329661369324
25,5,0.25,-0.62,1,0.447468310595,-0.00475399196148,0.246835365891,0.969057440758,0,0.486961960793,0.150295197964
26,5,0.25,0,-1,-0.220174223185,-0.132747173309,-0.58771777153,0.809066057205,0,-0.314209073782,-0.00329661369324
27,5,0.25,0,1,0.447468310595,-0.00475399196148,0.246835365891,0.969057440758,0,0.486961960793,0.150295197964
28,5,0.25,0.62,-1,-0.220174223185,-0.132747173309,-0.58771777153,0.809066057205,0,-0.314209073782,-0.00329661369324
29,5,0.25,0.62,1,0.447468310595,-0.00475399196148,0.246835365891,0.969057440758,0,0.486961960793,0.150295197964
0,6,-0.25,-0.62,-1,-0.486961960793,0.150295197964,-0.227402940392,0.973800778389,0,-0.523346424103,0.30610331893
1,6,-0.25,-0.62,1,0.314209073782,-0.00329661369324,0.587717711926,0.809066057205,0,0.408243894577,0.126153945923
2,6,-0.25,0,-1,-0.486961960793,0.150295197964,0.649747431278,0.760150194168,0,-0.383002370596,0.271919220686
3,6,-0.25,0,1,0.314209073782,-0.00329661369324,0.587717711926,0.809066057205,0,0.408243894577,0.126153945923
4,6,-0.25,0.62,-1,-0.486961960793,0.150295197964,0.889153718948,0.457608491182,0,-0.344697356224,0.223512560129
5,6,-0.25,0.62,1,0.314209073782,-0.00329661369324,0.587717711926,0.809066057205,0,0.408243894577,0.126153945923
6,6,-0.125,-0.62,-1,-0.460217684507,0.119571596384,-0.349185198545,0.93705368042,0,-0.516087293625,0.26950019598
7,6,-0.125,-0.62,1,0.207684233785,-0.233263090253,0.51981908083,0.854276359081,1,0.207684233785,-0.233263090253
8,6,-0.125,0,-1,-0.460217684507,0.119571596384,-0.349185198545,0.93705368042,0,-0.516087293625,0.26950019598
9,6,-0.125,0,1,0.207684233785,-0.233263090253,0.51981908083,0.854276359081,1,0.207684233785,-0.233263090253
10,6,-0.125,0.62,-1,-0.460217684507,0.119571596384,-0.349185198545,0.93705368042,0,-0.516087293625,0.26950019598
11,6,-0.125,0.62,1,0.207684233785,-0.233263090253,0.51981908083,0.854276359081,1,0.207684233785,-0.233263090253
12,6,0,-0.62,-1,-0.422807991505,0.0818778276443,-0.440424919128,0.897789418697,0,-0.493275970221,0.225524127483
13,6,0,-0.62,1,0.422807991505,0.0818778276443,0.440424919128,0.897789418697,0,0.493275970221,0.225524127483
14,6,0,0,-1,-0.422807991505,0.0818778276443,-0.440424919128,0.897789418697,0,-0.493275970221,0.225524127483
15,6,0,0,1,0.422807991505,0.0818778276443,0.440424919128,0.897789418697,0,0.493275970221,0.225524127483
16,6,0,0.62,-1,-0.422807991505,0.0818778276443,-0.440424919128,0.897789418697,0,-0.493275970221,0.225524127483
17,6,0,0.62,1,0.422807991505,0.0818778276443,0.440424919128,0.897789418697,0,0.493275970221,0.225524127483
18,6,0.125,-0.62,-1,-0.207684233785,-0.233263090253,-0.51981908083,0.854276359081,1,-0.207684233785,-0.233263090253
19,6,0.125,-0.62,1,0.460217684507,0.119571596384,0.349185198545,0.93705368042,0,0.516087293625,0.26950019598
20,6,0.125,0,-1,-0.207684233785,-0.233263090253,-0.51981908083,0.854276359081,1,-0.207684233785,-0.233263090253
21,6,0.125,0,1,0.460217684507,0.119571596384,0.349185198545,0.93705368042,0,0.516087293625,0.26950019598
22,6,0.125,0.62,-1,-0.207684233785,-0.233263090253,-0.51981908083,0.854276359081,1,-0.207684233785,-0.233263090253
23,6,0.125,0.62,1,0.460217684507,0.119571596384,0.349185198545,0.93705368042,0,0.516087293625,0.26950019598
24,6,0.25,-0.62,-1,-0.314209073782,-0.00329661369324,-0.587717711926,0.809066057205,0,-0.408243894577,0.126153945923
25,6,0.25,-0.62,1,0.486961960793,0.150295197964,-0.889153718948,0.457608491182,0,0.344697356224,0.223512560129
26,6,0.25,0,-1,-0.314209073782,-0.00329661369324,-0.587717711926,0.809066057205,0,-0.408243894577,0.126153945923
27,6,0.25,0,1,0.486961960793,0.150295197964,-0.649747431278,0.760150194168,0,0.383002370596,0.271919220686
28,6,0.25,0.62,-1,-0.314209073782,-0.00329661369324,-0.587717711926,0.809066057205,0,-0.408243894577,0.126153945923
29,6,0.25,0.62,1,0.486961960793,0.150295197964,0.227402940392,0.973800778389,0,0.523346424103,0.30610331893
0,7,-0.25,-0.62,-1,-0.523346424103,0.30610331893,-0.227402940392,0.973800778389,0,-0.559730887413,0.461911439896
1,7,-0.25,-0.62,1,0.408243894577,0.126153945923,0.587717711926,0.809065997601,0,0.502278745174,0.255604505539
2,7,-0.25,0,-1,-0.383002370596,0.271919220686,0.649747431278,0.760150253773,0,-0.279042780399,0.393543243408
3,7,-0.25,0,1,0.408243894577,0.126153945923,0.587717711926,0.809065997601,0,0.502278745174,0.255604505539
4,7,-0.25,0.62,-1,-0.344697356224,0.223512560129,0.889153778553,0.457608520985,0,-0.202432751656,0.296729922295
5,7,-0.25,0.62,1,0.408243894577,0.126153945923,0.587717711926,0.809065997601,0,0.502278745174,0.255604505539
6,7,-0.125,-0.62,-1,-0.516087293625,0.26950019598,-0.224759325385,0.974414348602,0,-0.552048802376,0.425406485796
7,7,-0.125,-0.62,1,0.207684233785,-0.233263090253,0.51981908083,0.854276359081,1,0.207684233785,-0.233263090253
8,7,-0.125,0,-1,-0.516087293625,0.26950019598,0.75335496664,0.6576141119,0,-0.395550489426,0.37471845746
9,7,-0.125,0,1,0.207684233785,-0.233263090253,0.51981908083,0.854276359081,1,0.207684233785,-0.233263090253
10,7,-0.125,0.62,-1,-0.516087293625,0.26950019598,0.929582834244,0.36861333251,0,-0.367354035378,0.328478336334
11,7,-0.125,0.62,1,0.207684233785,-0.233263090253,0.51981908083,0.854276359081,1,0.207684233785,-0.233263090253
12,7,0,-0.62,-1,-0.493275970221,0.225524127483,-0.248256489635,0.968694329262,0,-0.532997012138,0.380515217781
13,7,0,-0.62,1,0.493275970221,0.225524127483,-0.913907051086,0.405923604965,0,0.347050845623,0.29047191143
14,7,0,0,-1,-0.493275970221,0.225524127483,0.706247270107,0.707965254784,0,-0.380276411772,0.338798582554
15,7,0,0,1,0.493275970221,0.225524127483,-0.706247270107,0.707965254784,0,0.380276411772,0.338798582554
16,7,0,0.62,-1,-0.493275970221,0.225524127483,0.913907051086,0.405923604965,0,-0.347050845623,0.29047191143
17,7,0,0.62,1,0.493275970221,0.225524127483,0.248256489635,0.968694329262,0,0.532997012138,0.380515217781
18,7,0.125,-0.62,-1,-0.207684233785,-0.233263090253,-0.51981908083,0.854276359081,1,-0.207684233785,-0.233263090253
19,7,0.125,-0.62,1,0.516087293625,0.26950019598,-0.929582834244,0.36861333251,0,0.367354035378,0.328478336334
20,7,0.125,0,-1,-0.207684233785,-0.233263090253,-0.51981908083,0.854276359081,1,-0.207684233785,-0.233263090253
21,7,0.125,0,1,0.516087293625,0.26950019598,-0.75335496664,0.6576141119,0,0.395550489426,0.37471845746
22,7,0.125,0.62,-1,-0.207684233785,-0.233263090253,-0.51981908083,0.854276359081,1,-0.207684233785,-0.233263090253
23,7,0.125,0.62,1,0.516087293625,0.26950019598,0.224759325385,0.974414348602,0,0.552048802376,0.425406485796
24,7,0.25,-0.62,-1,-0.408243894577,0.126153945923,-0.587717711926,0.809065997601,0,-0.502278745174,0.255604505539
25,7,0.25,-0.62,1,0.344697356224,0.223512560129,-0.889153778553,0.457608520985,0,0.202432751656,0.296729922295
26,7,0.25,0,-1,-0.408243894577,0.126153945923,-0.587717711926,0.809065997601,0,-0.502278745174,0.255604505539
27,7,0.25,0,1,0.383002370596,0.271919220686,-0.649747431278,0.760150253773,0,0.279042780399,0.393543243408
28,7,0.25,0.62,-1,-0.408243894577,0.126153945923,-0.587717711926,0.809065997601,0,-0.502278745174,0.255604505539
29,7,0.25,0.62,1,0.523346424103,0.30610331893,0.227402940392,0.973800778389,0,0.559730887413,0.461911439896
0,8,-0.25,-0.62,-1,-0.559730887413,0.461911439896,-0.227402970195,0.973800778389,0,-0.596115350723,0.617719531059
1,8,-0.25,-0.62,1,0.502278745174,0.255604505539,-0.924015581608,0.382354855537,0,0.354436248541,0.316781282425
2,8,-0.25,0,-1,-0.279042780399,0.393543243408,0.649747371674,0.760150253773,0,-0.175083205104,0.515167295933
3,8,-0.25,0,1,0.502278745174,0.255604505539,-0.734254181385,0.678874731064,0,0.384798079729,0.364224463701
4,8,-0.25,0.62,-1,-0.202432751656,0.296729922295,0.889153778553,0.457608491182,0,-0.0601681470871,0.36994728446
5,8,-0.25,0.62,1,0.502278745174,0.255604505539,0.245721533895,0.969340443611,0,0.541594207287,0.410698980093
6,8,-0.125,-0.62,-1,-0.552048802376,0.425406485796,-0.224759250879,0.974414348602,0,-0.588010311127,0.581312775612
7,8,-0.125,-0.62,1,0.207684233785,-0.233263090253,0.51981908083,0.854276359081,1,0.207684233785,-0.233263090253
8,8,-0.125,0,-1,-0.395550489426,0.37471845746,0.75335496664,0.6576141119,0,-0.275013685226,0.479936718941
9,8,-0.125,0,1,0.207684233785,-0.233263090253,0.51981908083,0.854276359081,1,0.207684233785,-0.233263090253
10,8,-0.125,0.62,-1,-0.367354035378,0.328478336334,0.929582774639,0.368613302708,0,-0.218620792031,0.387456476688
11,8,-0.125,0.62,1,0.207684233785,-0.233263090253,0.51981908083,0.854276359081,1,0.207684233785,-0.233263090253
12,8,0,-0.62,-1,-0.532997012138,0.380515217781,-0.248256474733,0.968694269657,0,-0.572718024254,0.535506308079
13,8,0,-0.62,1,0.347050845623,0.29047191143,-0.913906991482,0.405923604965,0,0.200825735927,0.355419695377
14,8,0,0,-1,-0.380276411772,0.338798582554,0.706247270107,0.707965254784,0,-0.267276853323,0.452073037624
15,8,0,0,1,0.380276411772,0.338798582554,-0.706247270107,0.707965254784,0,0.267276853323,0.452073037624
16,8,0,0.62,-1,-0.347050845623,0.29047191143,0.913906991482,0.405923604965,0,-0.200825735927,0.355419695377
17,8,0,0.62,1,0.532997012138,0.380515217781,0.248256474733,0.968694269657,0,0.572718024254,0.535506308079
18,8,0.125,-0.62,-1,-0.207684233785,-0.233263090253,-0.51981908083,0.854276359081,1,-0.207684233785,-0.233263090253
19,8,0.125,-0.62,1,0.367354035378,0.328478336334,-0.929582774639,0.368613302708,0,0.218620792031,0.387456476688
20,8,0.125,0,-1,-0.207684233785,-0.233263090253,-0.51981908083,0.854276359081,1,-0.207684233785,-0.233263090253
21,8,0.125,0,1,0.395550489426,0.37471845746,-0.75335496664,0.6576141119,0,0.275013685226,0.479936718941
22,8,0.125,0.62,-1,-0.207684233785,-0.233263090253,-0.51981908083,0.854276359081,1,-0.207684233785,-0.233263090253
23,8,0.125,0.62,1,0.552048802376,0.425406485796,0.224759250879,0.974414348602,0,0.588010311127,0.581312775612
24,8,0.25,-0.62,-1,-0.502278745174,0.255604505539,-0.245721533895,0.969340443611,0,-0.541594207287,0.410698980093
25,8,0.25,-0.62,1,0.202432751656,0.296729922295,-0.889153778553,0.457608491182,0,0.0601681470871,0.36994728446
26,8,0.25,0,-1,-0.502278745174,0.255604505539,0.734254181385,0.678874731064,0,-0.384798079729,0.364224463701
27,8,0.25,0,1,0.279042780399,0.393543243408,-0.649747371674,0.760150253773,0,0.175083205104,0.515167295933
28,8,0.25,0.62,-1,-0.502278745174,0.255604505539,0.924015581608,0.382354855537,0,-0.354436248541,0.316781282425
29,8,0.25,0.62,1,0.559730887413,0.461911439896,0.227402970195,0.973800778389,0,0.596115350723,0.617719531059
0,9,-0.25,-0.62,-1,-0.596115350723,0.617719531059,-0.227403014898,0.973800718784,0,-0.632499814034,0.773527622223
1,9,-0.25,-0.62,1,0.354436248541,0.316781282425,-0.924015522003,0.382354795933,0,0.206593766809,0.377958059311
2,9,-0.25,0,-1,-0.175083205104,0.515167295933,0.649747371674,0.760150194168,0,-0.0711236298084,0.636791348457
3,9,-0.25,0,1,0.384798079729,0.364224463701,-0.73425412178,0.678874671459,0,0.267317414284,0.472844421864
4,9,-0.25,0.62,-1,-0.0601681470871,0.36994728446,0.889153838158,0.457608491182,0,0.0820964574814,0.443164646626
5,9,-0.25,0.62,1,0.541594207287,0.410698980093,0.24572147429,0.969340443611,0,0.580909669399,0.565793454647
6,9,-0.125,-0.62,-1,-0.588010311127,0.581312775612,-0.224759057164,0.974414348602,0,-0.623971760273,0.73721909523
7,9,-0.125,-0.62,1,0.207684233785,-0.233263090253,0.51981908083,0.854276359081,1,0.207684233785,-0.233263090253
8,9,-0.125,0,-1,-0.275013685226,0.479936718941,0.75335496664,0.657614171505,0,-0.154476895928,0.585155010223
9,9,-0.125,0,1,0.207684233785,-0.233263090253,0.51981908083,0.854276359081,1,0.207684233785,-0.233263090253
10,9,-0.125,0.62,-1,-0.218620792031,0.387456476688,0.929582834244,0.368613302708,0,-0.0698875486851,0.446434617043
11,9,-0.125,0.62,1,0.207684233785,-0.233263090253,0.51981908083,0.854276359081,1,0.207684233785,-0.233263090253
12,9,0,-0.62,-1,-0.572718024254,0.535506308079,-0.248256608844,0.968694329262,0,-0.612439095974,0.690497398376
13,9,0,-0.62,1,0.200825735927,0.355419695377,-0.913906991482,0.405923575163,0,0.0546006262302,0.420367479324
14,9,0,0,-1,-0.267276853323,0.452073037624,0.706247270107,0.707965195179,0,-0.154277294874,0.56534743309
15,9,0,0,1,0.267276853323,0.452073037624,-0.706247270107,0.707965195179,0,0.154277294874,0.56534743309
16,9,0,0.62,-1,-0.200825735927,0.355419695377,0.913906991482,0.405923575163,0,-0.0546006262302,0.420367479324
17,9,0,0.62,1,0.572718024254,0.535506308079,0.248256608844,0.968694329262,0,0.612439095974,0.690497398376
18,9,0.125,-0.62,-1,-0.207684233785,-0.233263090253,-0.51981908083,0.854276359081,1,-0.207684233785,-0.233263090253
19,9,0.125,-0.62,1,0.218620792031,0.387456476688,-0.929582834244,0.368613302708,0,0.0698875486851,0.446434617043
20,9,0.125,0,-1,-0.207684233785,-0.233263090253,-0.51981908083,0.854276359081,1,-0.207684233785,-0.233263090253
21,9,0.125,0,1,0.275013685226,0.479936718941,-0.75335496664,0.657614171505,0,0.154476895928,0.585155010223
22,9,0.125,0.62,-1,-0.207684233785,-0.233263090253,-0.51981908083,0.854276359081,1,-0.207684233785,-0.233263090253
23,9,0.125,0.62,1,0.588010311127,0.581312775612,0.224759057164,0.974414348602,0,0.623971760273,0.73721909523
24,9,0.25,-0.62,-1,-0.541594207287,0.410698980093,-0.24572147429,0.969340443611,0,-0.580909669399,0.565793454647
25,9,0.25,-0.62,1,0.0601681470871,0.36994728446,-0.889153838158,0.457608491182,0,-0.0820964574814,0.443164646626
26,9,0.25,0,-1,-0.384798079729,0.364224463701,0.73425412178,0.678874671459,0,-0.267317414284,0.472844421864
27,9,0.25,0,1,0.175083205104,0.515167295933,-0.649747371674,0.760150194168,0,0.0711236298084,0.636791348457
28,9,0.25,0.62,-1,-0.354436248541,0.316781282425,0.924015522003,0.382354795933,0,-0.206593766809,0.377958059311
29,9,0.25,0.62,1,0.596115350723,0.617719531059,0.227403014898,0.973800718784,0,0.632499814034,0.773527622223
0,10,-0.25,-0.62,-1,-0.632499814034,0.773527622223,0.227402791381,-0.973800778389,0,-0.596115350723,0.617719531059
1,10,-0.25,-0.62,1,0.206593766809,0.377958059311,-0.924015581608,0.382354825735,0,0.058751270175,0.439134836197
2,10,-0.25,0,-1,-0.0711236298084,0.636791348457,0.649747490883,0.760150074959,0,0.0328359678388,0.758415341377
3,10,-0.25,0,1,0.267317414284,0.472844421864,-0.734254181385,0.678874731064,0,0.149836748838,0.581464409828
4,10,-0.25,0.62,-1,0.0820964574814,0.443164646626,0.889153778553,0.457608491182,0,0.22436106205,0.516381978989
5,10,-0.25,0.62,1,0.580909669399,0.565793454647,0.245721340179,0.969340503216,0,0.620225071907,0.720887899399
6,10,-0.125,-0.62,-1,-0.623971760273,0.73721909523,0.224758759141,-0.974414467812,0,-0.588010370731,0.581312775612
7,10,-0.125,-0.62,1,0.207684233785,-0.233263090253,0.51981908083,0.854276359081,1,0.207684233785,-0.233263090253
8,10,-0.125,0,-1,-0.154476895928,0.585155010223,0.753355026245,0.657614052296,0,-0.0339400917292,0.690373241901
9,10,-0.125,0,1,0.207684233785,-0.233263090253,0.51981908083,0.854276359081,1,0.207684233785,-0.233263090253
10,10,-0.125,0.62,-1,-0.0698875486851,0.446434617043,0.929582834244,0.368613302708,0,0.0788456946611,0.505412757397
11,10,-0.125,0.62,1,0.207684233785,-0.233263090253,0.51981908083,0.854276359081,1,0.207684233785,-0.233263090253
12,10,0,-0.62,-1,-0.612439095974,0.690497398376,-0.24825617671,0.968694388866,0,-0.652160108089,0.845488488674
13,10,0,-0.62,1,0.0546006262302,0.420367479324,-0.913907051086,0.405923604965,0,-0.0916244983673,0.485315263271
14,10,0,0,-1,-0.154277294874,0.56534743309,0.706247210503,0.707965254784,0,-0.041277743876,0.678621888161
15,10,0,0,1,0.154277294874,0.56534743309,-0.706247210503,0.707965254784,0,0.041277743876,0.678621888161
16,10,0,0.62,-1,-0.0546006262302,0.420367479324,0.913907051086,0.405923604965,0,0.0916244983673,0.485315263271
17,10,0,0.62,1,0.612439095974,0.690497398376,0.24825617671,0.968694388866,0,0.652160108089,0.845488488674
18,10,0.125,-0.62,-1,-0.207684233785,-0.233263090253,-0.51981908083,0.854276359081,1,-0.207684233785,-0.233263090253
19,10,0.125,-0.62,1,0.0698875486851,0.446434617043,-0.929582834244,0.368613302708,0,-0.0788456946611,0.505412757397
20,10,0.125,0,-1,-0.207684233785,-0.233263090253,-0.51981908083,0.854276359081,1,-0.207684233785,-0.233263090253
21,10,0.125,0,1,0.154476895928,0.585155010223,-0.753355026245,0.657614052296,0,0.0339400917292,0.690373241901
22,10,0.125,0.62,-1,-0.207684233785,-0.233263090253,-0.51981908083,0.854276359081,1,-0.207684233785,-0.233263090253
23,10,0.125,0.62,1,0.623971760273,0.73721909523,-0.224758759141,-0.974414467812,0,0.588010370731,0.581312775612
24,10,0.25,-0.62,-1,-0.580909669399,0.565793454647,-0.245721340179,0.969340503216,0,-0.620225071907,0.720887899399
25,10,0.25,-0.62,1,-0.0820964574814,0.443164646626,-0.889153778553,0.457608491182,0,-0.22436106205,0.516381978989
26,10,0.25,0,-1,-0.267317414284,0.472844421864,0.734254181385,0.678874731064,0,-0.149836748838,0.581464409828
27,10,0.25,0,1,0.0711236298084,0.636791348457,-0.649747490883,0.760150074959,0,-0.0328359678388,0.758415341377
28,10,0.25,0.62,-1,-0.206593766809,0.377958059311,0.924015581608,0.382354825735,0,-0.058751270175,0.439134836197
29,10,0.25,0.62,1,0.632499814034,0.773527622223,-0.227402791381,-0.973800778389,0,0.596115350723,0.617719531059
0,11,-0.25,-0.62,-1,-0.596115350723,0.617719531059,-0.227403014898,0.973800718784,0,-0.632499814034,0.773527622223
1,11,-0.25,-0.62,1,0.058751270175,0.439134836197,-0.924015581608,0.382354795933,0,-0.0890912264585,0.500311613083
2,11,-0.25,0,-1,0.0328359678388,0.758415341377,-0.649747669697,-0.76014995575,0,-0.0711236596107,0.636791348457
3,11,-0.25,0,1,0.149836748838,0.581464409828,-0.73425424099,0.678874611855,0,0.0323560759425,0.690084338188
4,11,-0.25,0.62,-1,0.22436106205,0.516381978989,0.889153778553,0.457608520985,0,0.366625666618,0.589599370956
5,11,-0.25,0.62,1,0.620225071907,0.720887899399,-0.245719119906,-0.969341099262,0,0.580910027027,0.565793335438
6,11,-0.125,-0.62,-1,-0.588010370731,0.581312775612,-0.224758669734,0.974414467812,0,-0.623971760273,0.73721909523
7,11,-0.125,-0.62,1,0.207684233785,-0.233263090253,0.51981908083,0.854276359081,1,0.207684233785,-0.233263090253
8,11,-0.125,0,-1,-0.0339400917292,0.690373241901,0.753354907036,0.657614171505,0,0.0865966901183,0.795591473579
9,11,-0.125,0,1,0.207684233785,-0.233263090253,0.51981908083,0.854276359081,1,0.207684233785,-0.233263090253
10,11,-0.125,0.62,-1,0.0788456946611,0.505412757397,0.929582893848,0.368613243103,0,0.227578952909,0.564390897751
11,11,-0.125,0.62,1,0.207684233785,-0.233263090253,0.51981908083,0.854276359081,1,0.207684233785,-0.233263090253
12,11,0,-0.62,-1,-0.652160108089,0.845488488674,0.248256385326,-0.968694329262,0,-0.612439095974,0.690497398376
13,11,0,-0.62,1,-0.0916244983673,0.485315263271,-0.913907051086,0.405923545361,0,-0.237849622965,0.550263047218
14,11,0,0,-1,-0.041277743876,0.678621888161,0.706247389317,0.707965135574,0,0.0717218369246,0.791896283627
15,11,0,0,1,0.041277743876,0.678621888161,-0.706247389317,0.707965135574,0,-0.0717218369246,0.791896283627
16,11,0,0.62,-1,0.0916244983673,0.485315263271,0.913907051086,0.405923545361,0,0.237849622965,0.550263047218
17,11,0,0.62,1,0.652160108089,0.845488488674,-0.248256385326,-0.968694329262,0,0.612439095974,0.690497398376
18,11,0.125,-0.62,-1,-0.207684233785,-0.233263090253,-0.51981908083,0.854276359081,1,-0.207684233785,-0.233263090253
19,11,0.125,-0.62,1,-0.0788456946611,0.505412757397,-0.929582893848,0.368613243103,0,-0.227578952909,0.564390897751
20,11,0.125,0,-1,-0.207684233785,-0.233263090253,-0.51981908083,0.854276359081,1,-0.207684233785,-0.233263090253
21,11,0.125,0,1,0.0339400917292,0.690373241901,-0.753354907036,0.657614171505,0,-0.0865966901183,0.795591473579
22,11,0.125,0.62,-1,-0.207684233785,-0.233263090253,-0.51981908083,0.854276359081,1,-0.207684233785,-0.233263090253
23,11,0.125,0.62,1,0.588010370731,0.581312775612,0.224758669734,0.974414467812,0,0.623971760273,0.73721909523
24,11,0.25,-0.62,-1,-0.620225071907,0.720887899399,0.245719119906,-0.969341099262,0,-0.580910027027,0.565793335438
25,11,0.25,-0.62,1,-0.22436106205,0.516381978989,-0.889153778553,0.457608520985,0,-0.366625666618,0.589599370956
26,11,0.25,0,-1,-0.149836748838,0.581464409828,0.73425424099,0.678874611855,0,-0.0323560759425,0.690084338188
27,11,0.25,0,1,-0.0328359678388,0.758415341377,0.649747669697,-0.76014995575,0,0.0711236596107,0.636791348457
28,11,0.25,0.62,-1,-0.058751270175,0.439134836197,0.924015581608,0.382354795933,0,0.0890912264585,0.500311613083
29,11,0.25,0.62,1,0.596115350723,0.617719531059,0.227403014898,0.973800718784,0,0.632499814034,0.773527622223
0,12,-0.25,-0.62,-1,-0.632499814034,0.773527622223,0.227402791381,-0.973800778389,0,-0.596115350723,0.617719531059
1,12,-0.25,-0.62,1,-0.0890912264585,0.500311613083,-0.924015581608,0.382354795933,0,-0.236933723092,0.561488389969
2,12,-0.25,0,-1,-0.0711236596107,0.636791348457,0.649747669697,0.76014995575,0,0.0328359678388,0.758415341377
3,12,-0.25,0,1,0.0323560759425,0.690084338188,-0.73425412178,0.678874671459,0,-0.0851245820522,0.798704266548
4,12,-0.25,0.62,-1,0.366625666618,0.589599370956,0.889153838158,0.45760846138,0,0.508890271187,0.66281670332
5,12,-0.25,0.62,1,0.580910027027,0.565793335438,0.245719045401,0.969341099262,0,0.620225071907,0.720887899399
6,12,-0.125,-0.62,-1,-0.623971760273,0.73721909523,0.224758759141,-0.974414467812,0,-0.588010370731,0.581312775612
7,12,-0.125,-0.62,1,0.207684233785,-0.233263090253,0.51981908083,0.854276359081,1,0.207684233785,-0.233263090253
8,12,-0.125,0,-1,0.0865966901183,0.795591473579,-0.753355026245,-0.657613992691,0,-0.0339401140809,0.690373241901
9,12,-0.125,0,1,0.207684233785,-0.233263090253,0.51981908083,0.854276359081,1,0.207684233785,-0.233263090253
10,12,-0.125,0.62,-1,0.227578952909,0.564390897751,0.929582893848,0.368613183498,0,0.376312196255,0.6233689785
11,12,-0.125,0.62,1,0.207684233785,-0.233263090253,0.51981908083,0.854276359081,1,0.207684233785,-0.233263090253
12,12,0,-0.62,-1,-0.612439095974,0.690497398376,-0.24825617671,0.968694388866,0,-0.652160108089,0.845488488674
13,12,0,-0.62,1,-0.237849622965,0.550263047218,-0.913906991482,0.405923485756,0,-0.384074747562,0.615210771561
14,12,0,0,-1,0.0717218369246,0.791896283627,-0.706247508526,-0.707965016365,0,-0.0412777587771,0.678621888161
15,12,0,0,1,-0.0717218369246,0.791896283627,0.706247508526,-0.707965016365,0,0.0412777587771,0.678621888161
16,12,0,0.62,-1,0.237849622965,0.550263047218,0.913906991482,0.405923485756,0,0.384074747562,0.615210771561
17,12,0,0.62,1,0.612439095974,0.690497398376,0.24825617671,0.968694388866,0,0.652160108089,0.845488488674
18,12,0.125,-0.62,-1,-0.207684233785,-0.233263090253,-0.51981908083,0.854276359081,1,-0.207684233785,-0.233263090253
19,12,0.125,-0.62,1,-0.227578952909,0.564390897751,-0.929582893848,0.368613183498,0,-0.376312196255,0.6233689785
20,12,0.125,0,-1,-0.207684233785,-0.233263090253,-0.51981908083,0.854276359081,1,-0.207684233785,-0.233263090253
21,12,0.125,0,1,-0.0865966901183,0.795591473579,0.753355026245,-0.657613992691,0,0.0339401140809,0.690373241901
22,12,0.125,0.62,-1,-0.207684233785,-0.233263090253,-0.51981908083,0.854276359081,1,-0.207684233785,-0.233263090253
23,12,0.125,0.62,1,0.623971760273,0.73721909523,-0.224758759141,-0.974414467812,0,0.588010370731,0.581312775612
24,12,0.25,-0.62,-1,-0.580910027027,0.565793335438,-0.245719045401,0.969341099262,0,-0.620225071907,0.720887899399
25,12,0.25,-0.62,1,-0.366625666618,0.589599370956,-0.889153838158,0.45760846138,0,-0.508890271187,0.66281670332
26,12,0.25,0,-1,-0.0323560759425,0.690084338188,0.73425412178,0.678874671459,0,0.0851245820522,0.798704266548
27,12,0.25,0,1,0.0711236596107,0.636791348457,-0.649747669697,0.76014995575,0,-0.0328359678388,0.758415341377
28,12,0.25,0.62,-1,0.0890912264585,0.500311613083,0.924015581608,0.382354795933,0,0.236933723092,0.561488389969
29,12,0.25,0.62,1,0.632499814034,0.773527622223,-0.227402791381,-0.973800778389,0,0.596115350723,0.617719531059
0,13,-0.25,-0.62,-1,-0.596115350723,0.617719531059,-0.227403014898,0.973800718784,0,-0.632499814034,0.773527622223
1,13,-0.25,-0.62,1,-0.236933723092,0.561488389969,-0.924015641212,0.382354795933,0,-0.384776234627,0.622665166855
2,13,-0.25,0,-1,0.0328359678388,0.758415341377,-0.649747669697,-0.76014995575,0,-0.0711236596107,0.636791348457
3,13,-0.25,0,1,-0.0851245820522,0.798704266548,0.73425424099,-0.678874671459,0,0.0323560908437,0.690084338188
4,13,-0.25,0.62,-1,0.508890271187,0.66281670332,0.889153778553,0.457608610392,0,0.651154875755,0.736034095287
5,13,-0.25,0.62,1,0.620225071907,0.720887899399,-0.245719119906,-0.969341099262,0,0.580910027027,0.565793335438
6,13,-0.125,-0.62,-1,-0.588010370731,0.581312775612,-0.224758669734,0.974414467812,0,-0.623971760273,0.73721909523
7,13,-0.125,-0.62,1,0.207684233785,-0.233263090253,0.51981908083,0.854276359081,1,0.207684233785,-0.233263090253
8,13,-0.125,0,-1,-0.0339401140809,0.690373241901,0.75335508585,0.657613873482,0,0.0865966975689,0.795591473579
9,13,-0.125,0,1,0.207684233785,-0.233263090253,0.51981908083,0.854276359081,1,0.207684233785,-0.233263090253
10,13,-0.125,0.62,-1,0.376312196255,0.6233689785,0.929582834244,0.368613302708,0,0.525045454502,0.682347118855
11,13,-0.125,0.62,1,0.207684233785,-0.233263090253,0.51981908083,0.854276359081,1,0.207684233785,-0.233263090253
12,13,0,-0.62,-1,-0.652160108089,0.845488488674,0.248256385326,-0.968694329262,0,-0.612439095974,0.690497398376
13,13,0,-0.62,1,-0.384074747562,0.615210771561,-0.913906991482,0.405923604965,0,-0.530299842358,0.680158555508
14,13,0,0,-1,-0.0412777587771,0.678621888161,0.706247508526,0.707965016365,0,0.0717218369246,0.791896283627
15,13,0,0,1,0.0412777587771,0.678621888161,-0.706247508526,0.707965016365,0,-0.0717218369246,0.791896283627
16,13,0,0.62,-1,0.384074747562,0.615210771561,0.913906991482,0.405923604965,0,0.530299842358,0.680158555508
17,13,0,0.62,1,0.652160108089,0.845488488674,-0.248256385326,-0.968694329262,0,0.612439095974,0.690497398376
18,13,0.125,-0.62,-1,-0.207684233785,-0.233263090253,-0.51981908083,0.854276359081,1,-0.207684233785,-0.233263090253
19,13,0.125,-0.62,1,-0.376312196255,0.6233689785,-0.929582834244,0.368613302708,0,-0.525045454502,0.682347118855
20,13,0.125,0,-1,-0.207684233785,-0.233263090253,-0.51981908083,0.854276359081,1,-0.207684233785,-0.233263090253
21,13,0.125,0,1,0.0339401140809,0.690373241901,-0.75335508585,0.657613873482,0,-0.0865966975689,0.795591473579
22,13,0.125,0.62,-1,-0.207684233785,-0.233263090253,-0.51981908083,0.854276359081,1,-0.207684233785,-0.233263090253
23,13,0.125,0.62,1,0.588010370731,0.581312775612,0.224758669734,0.974414467812,0,0.623971760273,0.73721909523
24,13,0.25,-0.62,-1,-0.620225071907,0.720887899399,0.245719119906,-0.969341099262,0,-0.580910027027,0.565793335438
25,13,0.25,-0.62,1,-0.508890271187,0.66281670332,-0.889153778553,0.457608610392,0,-0.651154875755,0.736034095287
26,13,0.25,0,-1,0.0851245820522,0.798704266548,-0.73425424099,-0.678874671459,0,-0.0323560908437,0.690084338188
27,13,0.25,0,1,-0.0328359678388,0.758415341377,0.649747669697,-0.76014995575,0,0.0711236596107,0.636791348457
28,13,0.25,0.62,-1,0.236933723092,0.561488389969,0.924015641212,0.382354795933,0,0.384776234627,0.622665166855
29,13,0.25,0.62,1,0.596115350723,0.617719531059,0.227403014898,0.973800718784,0,0.632499814034,0.773527622223
0,14,-0.25,-0.62,-1,-0.632499814034,0.773527622223,0.227402791381,-0.973800778389,0,-0.596115350723,0.617719531059
1,14,-0.25,-0.62,1,-0.384776234627,0.622665166855,-0.924015641212,0.38235476613,0,-0.532618761063,0.683841943741
2,14,-0.25,0,-1,-0.0711236596107,0.636791348457,0.649747669697,0.76014995575,0,0.0328359678388,0.758415341377
3,14,-0.25,0,1,0.0323560908437,0.690084338188,-0.734254360199,0.67887455225,0,-0.085124604404,0.798704266548
4,14,-0.25,0.62,-1,0.651154875755,0.736034095287,-0.889153599739,-0.457608968019,0,0.508890271187,0.662816643715
5,14,-0.25,0.62,1,0.580910027027,0.565793335438,0.245719045401,0.969341099262,0,0.620225071907,0.720887899399
6,14,-0.125,-0.62,-1,-0.623971760273,0.73721909523,0.224758759141,-0.974414467812,0,-0.588010370731,0.581312775612
7,14,-0.125,-0.62,1,0.207684233785,-0.233263090253,0.51981908083,0.854276359081,1,0.207684233785,-0.233263090253
8,14,-0.125,0,-1,0.0865966975689,0.795591473579,-0.75335508585,-0.657613992691,0,-0.0339401140809,0.690373241901
9,14,-0.125,0,1,0.207684233785,-0.233263090253,0.51981908083,0.854276359081,1,0.207684233785,-0.233263090253
10,14,-0.125,0.62,-1,0.525045454502,0.682347118855,0.929582893848,0.368613183498,0,0.673778712749,0.741325199604
11,14,-0.125,0.62,1,0.207684233785,-0.233263090253,0.51981908083,0.854276359081,1,0.207684233785,-0.233263090253
12,14,0,-0.62,-1,-0.612439095974,0.690497398376,-0.24825617671,0.968694388866,0,-0.652160108089,0.845488488674
13,14,0,-0.62,1,-0.530299842358,0.680158555508,-0.913906991482,0.405923455954,0,-0.676524937153,0.745106339455
14,14,0,0,-1,0.0717218369246,0.791896283627,-0.706247508526,-0.707965016365,0,-0.0412777587771,0.678621888161
15,14,0,0,1,-0.0717218369246,0.791896283627,0.706247508526,-0.707965016365,0,0.0412777587771,0.678621888161
16,14,0,0.62,-1,0.530299842358,0.680158555508,0.913906991482,0.405923455954,0,0.676524937153,0.745106339455
17,14,0,0.62,1,0.612439095974,0.690497398376,0.24825617671,0.968694388866,0,0.652160108089,0.845488488674
18,14,0.125,-0.62,-1,-0.207684233785,-0.233263090253,-0.51981908083,0.854276359081,1,-0.207684233785,-0.233263090253
19,14,0.125,-0.62,1,-0.525045454502,0.682347118855,-0.929582893848,0.368613183498,0,-0.673778712749,0.741325199604
20,14,0.125,0,-1,-0.207684233785,-0.233263090253,-0.51981908083,0.854276359081,1,-0.207684233785,-0.233263090253
21,14,0.125,0,1,-0.0865966975689,0.795591473579,0.75335508585,-0.657613992691,0,0.0339401140809,0.690373241901
22,14,0.125,0.62,-1,-0.207684233785,-0.233263090253,-0.51981908083,0.854276359081,1,-0.207684233785,-0.233263090253
23,14,0.125,0.62,1,0.623971760273,0.73721909523,-0.224758759141,-0.974414467812,0,0.588010370731,0.581312775612
24,14,0.25,-0.62,-1,-0.580910027027,0.565793335438,-0.245719045401,0.969341099262,0,-0.620225071907,0.720887899399
25,14,0.25,-0.62,1,-0.651154875755,0.736034095287,0.889153599739,-0.457608968019,0,-0.508890271187,0.662816643715
26,14,0.25,0,-1,-0.0323560908437,0.690084338188,0.734254360199,0.67887455225,0,0.085124604404,0.798704266548
27,14,0.25,0,1,0.0711236596107,0.636791348457,-0.649747669697,0.76014995575,0,-0.0328359678388,0.758415341377
28,14,0.25,0.62,-1,0.384776234627,0.622665166855,0.924015641212,0.38235476613,0,0.532618761063,0.683841943741
29,14,0.25,0.62,1,0.632499814034,0.773527622223,-0.227402791381,-0.973800778389,0,0.596115350723,0.617719531059
0,15,-0.25,-0.62,-1,-0.596115350723,0.617719531059,-0.227403014898,0.973800718784,0,-0.632499814034,0.773527622223
1,15,-0.25,-0.62,1,-0.532618761063,0.683841943741,-0.924015581608,0.382354736328,0,-0.680461287498,0.745018720627
2,15,-0.25,0,-1,0.0328359678388,0.758415341377,-0.649747669697,-0.76014995575,0,-0.0711236596107,0.636791348457
3,15,-0.25,0,1,-0.085124604404,0.798704266548,0.734254300594,-0.678874492645,0,0.0323560833931,0.690084338188
4,15,-0.25,0.62,-1,0.508890271187,0.662816643715,0.889153540134,0.457608968019,0,0.651154816151,0.736034095287
5,15,-0.25,0.62,1,0.620225071907,0.720887899399,-0.245719119906,-0.969341099262,0,0.580910027027,0.565793335438
6,15,-0.125,-0.62,-1,-0.588010370731,0.581312775612,-0.224758669734,0.974414467812,0,-0.623971760273,0.73721909523
7,15,-0.125,-0.62,1,0.207684233785,-0.233263090253,0.51981908083,0.854276359081,1,0.207684233785,-0.233263090253
8,15,-0.125,0,-1,-0.0339401140809,0.690373241901,0.75335508585,0.657613873482,0,0.0865966975689,0.795591473579
9,15,-0.125,0,1,0.207684233785,-0.233263090253,0.51981908083,0.854276359081,1,0.207684233785,-0.233263090253
10,15,-0.125,0.62,-1,0.673778712749,0.741325199604,-0.929583013058,-0.368612736464,0,0.525045454502,0.682347178459
11,15,-0.125,0.62,1,0.207684233785,-0.233263090253,0.51981908083,0.854276359081,1,0.207684233785,-0.233263090253
12,15,0,-0.62,-1,-0.652160108089,0.845488488674,0.248256385326,-0.968694329262,0,-0.612439095974,0.690497398376
13,15,0,-0.62,1,-0.676524937153,0.745106339455,0.913906812668,-0.405924022198,0,-0.530299842358,0.680158495903
14,15,0,0,-1,-0.0412777587771,0.678621888161,0.706247508526,0.707965016365,0,0.0717218369246,0.791896283627
15,15,0,0,1,0.0412777587771,0.678621888161,-0.706247508526,0.707965016365,0,-0.0717218369246,0.791896283627
16,15,0,0.62,-1,0.676524937153,0.745106339455,-0.913906812668,-0.405924022198,0,0.530299842358,0.680158495903
17,15,0,0.62,1,0.652160108089,0.845488488674,-0.248256385326,-0.968694329262,0,0.612439095974,0.690497398376
18,15,0.125,-0.62,-1,-0.207684233785,-0.233263090253,-0.51981908083,0.854276359081,1,-0.207684233785,-0.233263090253
19,15,0.125,-0.62,1,-0.673778712749,0.741325199604,0.929583013058,-0.368612736464,0,-0.525045454502,0.682347178459
20,15,0.125,0,-1,-0.207684233785,-0.233263090253,-0.51981908083,0.854276359081,1,-0.207684233785,-0.233263090253
21,15,0.125,0,1,0.0339401140809,0.690373241901,-0.75335508585,0.657613873482,0,-0.0865966975689,0.795591473579
22,15,0.125,0.62,-1,-0.207684233785,-0.233263090253,-0.51981908083,0.854276359081,1,-0.207684233785,-0.233263090253
23,15,0.125,0.62,1,0.588010370731,0.581312775612,0.224758669734,0.974414467812,0,0.623971760273,0.73721909523
24,15,0.25,-0.62,-1,-0.620225071907,0.720887899399,0.245719119906,-0.969341099262,0,-0.580910027027,0.565793335438
25,15,0.25,-0.62,1,-0.508890271187,0.662816643715,-0.889153540134,0.457608968019,0,-0.651154816151,0.736034095287
26,15,0.25,0,-1,0.085124604404,0.798704266548,-0.734254300594,-0.678874492645,0,-0.0323560833931,0.690084338188
27,15,0.25,0,1,-0.0328359678388,0.758415341377,0.649747669697,-0.76014995575,0,0.0711236596107,0.636791348457
28,15,0.25,0.62,-1,0.532618761063,0.683841943741,0.924015581608,0.382354736328,0,0.680461287498,0.745018720627
29,15,0.25,0.62,1,0.596115350723,0.617719531059,0.227403014898,0.973800718784,0,0.632499814034,0.773527622223
0,16,-0.25,-0.62,-1,-0.632499814034,0.773527622223,0.227402791381,-0.973800778389,0,-0.596115350723,0.617719531059
1,16,-0.25,-0.62,1,-0.680461287498,0.745018720627,0.924015641212,-0.382354825735,0,-0.532618761063,0.683841943741
2,16,-0.25,0,-1,-0.0711236596107,0.636791348457,0.649747669697,0.76014995575,0,0.0328359678388,0.758415341377
3,16,-0.25,0,1,0.0323560833931,0.690084338188,-0.73425424099,0.678874611855,0,-0.0851245895028,0.798704266548
4,16,-0.25,0.62,-1,0.651154816151,0.736034095287,-0.889153242111,-0.457609653473,0,0.508890271187,0.662816524506
5,16,-0.25,0.62,1,0.580910027027,0.565793335438,0.245719045401,0.969341099262,0,0.620225071907,0.720887899399
6,16,-0.125,-0.62,-1,-0.623971760273,0.73721909523,0.224758759141,-0.974414467812,0,-0.588010370731,0.581312775612
7,16,-0.125,-0.62,1,0.207684233785,-0.233263090253,0.51981908083,0.854276359081,1,0.207684233785,-0.233263090253
8,16,-0.125,0,-1,0.0865966975689,0.795591473579,-0.75335508585,-0.657613992691,0,-0.0339401140809,0.690373241901
9,16,-0.125,0,1,0.207684233785,-0.233263090253,0.51981908083,0.854276359081,1,0.207684233785,-0.233263090253
10,16,-0.125,0.62,-1,0.525045454502,0.682347178459,0.929583072662,0.368612676859,0,0.673778772354,0.741325199604
11,16,-0.125,0.62,1,0.207684233785,-0.233263090253,0.51981908083,0.854276359081,1,0.207684233785,-0.233263090253
12,16,0,-0.62,-1,-0.612439095974,0.690497398376,-0.24825617671,0.968694388866,0,-0.652160108089,0.845488488674
13,16,0,-0.62,1,-0.530299842358,0.680158495903,-0.913906812668,0.405923992395,0,-0.676524937153,0.745106339455
14,16,0,0,-1,0.0717218369246,0.791896283627,-0.706247508526,-0.707965016365,0,-0.0412777587771,0.678621888161
15,16,0,0,1,-0.0717218369246,0.791896283627,0.706247508526,-0.707965016365,0,0.0412777587771,0.678621888161
16,16,0,0.62,-1,0.530299842358,0.680158495903,0.913906812668,0.405923992395,0,0.676524937153,0.745106339455
17,16,0,0.62,1,0.612439095974,0.690497398376,0.24825617671,0.968694388866,0,0.652160108089,0.845488488674
18,16,0.125,-0.62,-1,-0.207684233785,-0.233263090253,-0.51981908083,0.854276359081,1,-0.207684233785,-0.233263090253
19,16,0.125,-0.62,1,-0.525045454502,0.682347178459,-0.929583072662,0.368612676859,0,-0.673778772354,0.741325199604
20,16,0.125,0,-1,-0.207684233785,-0.233263090253,-0.51981908083,0.854276359081,1,-0.207684233785,-0.233263090253
21,16,0.125,0,1,-0.0865966975689,0.795591473579,0.75335508585,-0.657613992691,0,0.0339401140809,0.690373241901
22,16,0.125,0.62,-1,-0.207684233785,-0.233263090253,-0.51981908083,0.854276359081,1,-0.207684233785,-0.233263090253
23,16,0.125,0.62,1,0.623971760273,0.73721909523,-0.224758759141,-0.974414467812,0,0.588010370731,0.581312775612
24,16,0.25,-0.62,-1,-0.580910027027,0.565793335438,-0.245719045401,0.969341099262,0,-0.620225071907,0.720887899399
25,16,0.25,-0.62,1,-0.651154816151,0.736034095287,0.889153242111,-0.457609653473,0,-0.508890271187,0.662816524506
26,16,0.25,0,-1,-0.0323560833931,0.690084338188,0.73425424099,0.678874611855,0,0.0851245895028,0.798704266548
27,16,0.25,0,1,0.0711236596107,0.636791348457,-0.649747669697,0.76014995575,0,-0.0328359678388,0.758415341377
28,16,0.25,0.62,-1,0.680461287498,0.745018720627,-0.924015641212,-0.382354825735,0,0.532618761063,0.683841943741
29,16,0.25,0.62,1,0.632499814034,0.773527622223,-0.227402791381,-0.973800778389,0,0.596115350723,0.617719531059
0,17,-0.25,-0.62,-1,-0.596115350723,0.617719531059,-0.227403014898,0.973800718784,0,-0.632499814034,0.773527622223
1,17,-0.25,-0.62,1,-0.532618761063,0.683841943741,-0.924015581608,0.382354736328,0,-0.680461287498,0.745018720627
2,17,-0.25,0,-1,0.0328359678388,0.758415341377,-0.649747669697,-0.76014995575,0,-0.0711236596107,0.636791348457
3,17,-0.25,0,1,-0.0851245895028,0.798704266548,0.73425424099,-0.678874611855,0,0.0323560833931,0.690084338188
4,17,-0.25,0.62,-1,0.508890271187,0.662816524506,0.889153182507,0.45760974288,0,0.651154756546,0.736034095287
5,17,-0.25,0.62,1,0.620225071907,0.720887899399,-0.245719119906,-0.969341099262,0,0.580910027027,0.565793335438
6,17,-0.125,-0.62,-1,-0.588010370731,0.581312775612,-0.224758669734,0.974414467812,0,-0.623971760273,0.73721909523
7,17,-0.125,-0.62,1,0.207684233785,-0.233263090253,0.51981908083,0.854276359081,1,0.207684233785,-0.233263090253
8,17,-0.125,0,-1,-0.0339401140809,0.690373241901,0.75335508585,0.657613873482,0,0.0865966975689,0.795591473579
9,17,-0.125,0,1,0.207684233785,-0.233263090253,0.51981908083,0.854276359081,1,0.207684233785,-0.233263090253
10,17,-0.125,0.62,-1,0.673778772354,0.741325199604,-0.929583132267,-0.368612378836,0,0.525045454502,0.682347238064
11,17,-0.125,0.62,1,0.207684233785,-0.233263090253,0.51981908083,0.854276359081,1,0.207684233785,-0.233263090253
12,17,0,-0.62,-1,-0.652160108089,0.845488488674,0.248256385326,-0.968694329262,0,-0.612439095974,0.690497398376
13,17,0,-0.62,1,-0.676524937153,0.745106339455,0.913906812668,-0.405924022198,0,-0.530299842358,0.680158495903
14,17,0,0,-1,-0.0412777587771,0.678621888161,0.706247508526,0.707965016365,0,0.0717218369246,0.791896283627
15,17,0,0,1,0.0412777587771,0.678621888161,-0.706247508526,0.707965016365,0,-0.0717218369246,0.791896283627
16,17,0,0.62,-1,0.676524937153,0.745106339455,-0.913906812668,-0.405924022198,0,0.530299842358,0.680158495903
17,17,0,0.62,1,0.652160108089,0.845488488674,-0.248256385326,-0.968694329262,0,0.612439095974,0.690497398376
18,17,0.125,-0.62,-1,-0.207684233785,-0.233263090253,-0.51981908083,0.854276359081,1,-0.207684233785,-0.233263090253
19,17,0.125,-0.62,1,-0.673778772354,0.741325199604,0.929583132267,-0.368612378836,0,-0.525045454502,0.682347238064
20,17,0.125,0,-1,-0.207684233785,-0.233263090253,-0.51981908083,0.854276359081,1,-0.207684233785,-0.233263090253
21,17,0.125,0,1,0.0339401140809,0.690373241901,-0.75335508585,0.657613873482,0,-0.0865966975689,0.795591473579
22,17,0.125,0.62,-1,-0.207684233785,-0.233263090253,-0.51981908083,0.854276359081,1,-0.207684233785,-0.233263090253
23,17,0.125,0.62,1,0.588010370731,0.581312775612,0.224758669734,0.974414467812,0,0.623971760273,0.73721909523
24,17,0.25,-0.62,-1,-0.620225071907,0.720887899399,0.245719119906,-0.969341099262,0,-0.580910027027,0.565793335438
25,17,0.25,-0.62,1,-0.508890271187,0.662816524506,-0.889153182507,0.45760974288,0,-0.651154756546,0.736034095287
26,17,0.25,0,-1,0.0851245895028,0.798704266548,-0.73425424099,-0.678874611855,0,-0.0323560833931,0.690084338188
27,17,0.25,0,1,-0.0328359678388,0.758415341377,0.649747669697,-0.76014995575,0,0.0711236596107,0.636791348457
28,17,0.25,0.62,-1,0.532618761063,0.683841943741,0.924015581608,0.382354736328,0,0.680461287498,0.745018720627
29,17,0.25,0.62,1,0.596115350723,0.617719531059,0.227403014898,0.973800718784,0,0.632499814034,0.773527622223
0,18,-0.25,-0.62,-1,-0.632499814034,0.773527622223,0.227402791381,-0.973800778389,0,-0.596115350723,0.617719531059
1,18,-0.25,-0.62,1,-0.680461287498,0.745018720627,0.924015641212,-0.382354825735,0,-0.532618761063,0.683841943741
2,18,-0.25,0,-1,-0.0711236596107,0.636791348457,0.649747669697,0.76014995575,0,0.0328359678388,0.758415341377
3,18,-0.25,0,1,0.0323560833931,0.690084338188,-0.73425424099,0.678874611855,0,-0.0851245895028,0.798704266548
4,18,-0.25,0.62,-1,0.651154756546,0.736034095287,-0.889152824879,-0.457610309124,0,0.508890271187,0.662816464901
5,18,-0.25,0.62,1,0.580910027027,0.565793335438,0.245719045401,0.969341099262,0,0.620225071907,0.720887899399
6,18,-0.125,-0.62,-1,-0.623971760273,0.73721909523,0.224758759141,-0.974414467812,0,-0.588010370731,0.581312775612
7,18,-0.125,-0.62,1,0.207684233785,-0.233263090253,0.51981908083,0.854276359081,1,0.207684233785,-0.233263090253
8,18,-0.125,0,-1,0.0865966975689,0.795591473579,-0.75335508585,-0.657613992691,0,-0.0339401140809,0.690373241901
9,18,-0.125,0,1,0.207684233785,-0.233263090253,0.51981908083,0.854276359081,1,0.207684233785,-0.233263090253
10,18,-0.125,0.62,-1,0.525045454502,0.682347238064,0.929583311081,0.368612200022,0,0.673778772354,0.741325199604
11,18,-0.125,0.62,1,0.207684233785,-0.233263090253,0.51981908083,0.854276359081,1,0.207684233785,-0.233263090253
12,18,0,-0.62,-1,-0.612439095974,0.690497398376,-0.24825617671,0.968694388866,0,-0.652160108089,0.845488488674
13,18,0,-0.62,1,-0.530299842358,0.680158495903,-0.913906812668,0.405923992395,0,-0.676524937153,0.745106339455
14,18,0,0,-1,0.0717218369246,0.791896283627,-0.706247508526,-0.707965016365,0,-0.0412777587771,0.678621888161
15,18,0,0,1,-0.0717218369246,0.791896283627,0.706247508526,-0.707965016365,0,0.0412777587771,0.678621888161
16,18,0,0.62,-1,0.530299842358,0.680158495903,0.913906812668,0.405923992395,0,0.676524937153,0.745106339455
17,18,0,0.62,1,0.612439095974,0.690497398376,0.24825617671,0.968694388866,0,0.652160108089,0.845488488674
18,18,0.125,-0.62,-1,-0.207684233785,-0.233263090253,-0.51981908083,0.854276359081,1,-0.207684233785,-0.233263090253
19,18,0.125,-0.62,1,-0.525045454502,0.682347238064,-0.929583311081,0.368612200022,0,-0.673778772354,0.741325199604
20,18,0.125,0,-1,-0.207684233785,-0.233263090253,-0.51981908083,0.854276359081,1,-0.207684233785,-0.233263090253
21,18,0.125,0,1,-0.0865966975689,0.795591473579,0.75335508585,-0.657613992691,0,0.0339401140809,0.690373241901
22,18,0.125,0.62,-1,-0.207684233785,-0.233263090253,-0.51981908083,0.854276359081,1,-0.207684233785,-0.233263090253
23,18,0.125,0.62,1,0.623971760273,0.73721909523,-0.224758759141,-0.974414467812,0,0.588010370731,0.581312775612
24,18,0.25,-0.62,-1,-0.580910027027,0.565793335438,-0.245719045401,0.969341099262,0,-0.620225071907,0.720887899399
25,18,0.25,-0.62,1,-0.651154756546,0.736034095287,0.889152824879,-0.457610309124,0,-0.508890271187,0.662816464901
26,18,0.25,0,-1,-0.0323560833931,0.690084338188,0.73425424099,0.678874611855,0,0.0851245895028,0.798704266548
27,18,0.25,0,1,0.0711236596107,0.636791348457,-0.649747669697,0.76014995575,0,-0.0328359678388,0.758415341377
28,18,0.25,0.62,-1,0.680461287498,0.745018720627,-0.924015641212,-0.382354825735,0,0.532618761063,0.683841943741
29,18,0.25,0.62,1,0.632499814034,0.773527622223,-0.227402791381,-0.973800778389,0,0.596115350723,0.617719531059
0,19,-0.25,-0.62,-1,-0.596115350723,0.617719531059,-0.227403014898,0.973800718784,0,-0.632499814034,0.773527622223
1,19,-0.25,-0.62,1,-0.532618761063,0.683841943741,-0.924015581608,0.382354736328,0,-0.680461287498,0.745018720627
2,19,-0.25,0,-1,0.0328359678388,0.758415341377,-0.649747669697,-0.76014995575,0,-0.0711236596107,0.636791348457
3,19,-0.25,0,1,-0.0851245895028,0.798704266548,0.73425424099,-0.678874611855,0,0.0323560833931,0.690084338188
4,19,-0.25,0.62,-1,0.508890271187,0.662816464901,0.889153003693,0.457610100508,0,0.651154756546,0.736034095287
5,19,-0.25,0.62,1,0.620225071907,0.720887899399,-0.245719119906,-0.969341099262,0,0.580910027027,0.565793335438
6,19,-0.125,-0.62,-1,-0.588010370731,0.581312775612,-0.224758669734,0.974414467812,0,-0.623971760273,0.73721909523
7,19,-0.125,-0.62,1,0.207684233785,-0.233263090253,0.51981908083,0.854276359081,1,0.207684233785,-0.233263090253
8,19,-0.125,0,-1,-0.0339401140809,0.690373241901,0.75335508585,0.657613873482,0,0.0865966975689,0.795591473579
9,19,-0.125,0,1,0.207684233785,-0.233263090253,0.51981908083,0.854276359081,1,0.207684233785,-0.233263090253
10,19,-0.125,0.62,-1,0.673778772354,0.741325199604,-0.929583132267,-0.368612378836,0,0.525045454502,0.682347238064
11,19,-0.125,0.62,1,0.207684233785,-0.233263090253,0.51981908083,0.854276359081,1,0.207684233785,-0.233263090253
12,19,0,-0.62,-1,-0.652160108089,0.845488488674,0.248256385326,-0.968694329262,0,-0.612439095974,0.690497398376
13,19,0,-0.62,1,-0.676524937153,0.745106339455,0.913906812668,-0.405924022198,0,-0.530299842358,0.680158495903
14,19,0,0,-1,-0.0412777587771,0.678621888161,0.706247508526,0.707965016365,0,0.0717218369246,0.791896283627
15,19,0,0,1,0.0412777587771,0.678621888161,-0.706247508526,0.707965016365,0,-0.0717218369246,0.791896283627
16,19,0,0.62,-1,0.676524937153,0.745106339455,-0.913906812668,-0.405924022198,0,0.530299842358,0.680158495903
17,19,0,0.62,1,0.652160108089,0.845488488674,-0.248256385326,-0.968694329262,0,0.612439095974,0.690497398376
18,19,0.125,-0.62,-1,-0.207684233785,-0.233263090253,-0.51981908083,0.854276359081,1,-0.207684233785,-0.233263090253
19,19,0.125,-0.62,1,-0.673778772354,0.741325199604,0.929583132267,-0.368612378836,0,-0.525045454502,0.682347238064
20,19,0.125,0,-1,-0.207684233785,-0.233263090253,-0.51981908083,0.854276359081,1,-0.207684233785,-0.233263090253
21,19,0.125,0,1,0.0339401140809,0.690373241901,-0.75335508585,0.657613873482,0,-0.0865966975689,0.795591473579
22,19,0.125,0.62,-1,-0.207684233785,-0.233263090253,-0.51981908083,0.854276359081,1,-0.207684233785,-0.233263090253
23,19,0.125,0.62,1,0.588010370731,0.581312775612,0.224758669734,0.974414467812,0,0.623971760273,0.73721909523
24,19,0.25,-0.62,-1,-0.620225071907,0.720887899399,0.245719119906,-0.969341099262,0,-0.580910027027,0.565793335438
25,19,0.25,-0.62,1,-0.508890271187,0.662816464901,-0.889153003693,0.457610100508,0,-0.651154756546,0.736034095287
26,19,0.25,0,-1,0.0851245895028,0.798704266548,-0.73425424099,-0.678874611855,0,-0.0323560833931,0.690084338188
27,19,0.25,0,1,-0.0328359678388,0.758415341377,0.649747669697,-0.76014995575,0,0.0711236596107,0.636791348457
28,19,0.25,0.62,-1,0.532618761063,0.683841943741,0.924015581608,0.382354736328,0,0.680461287498,0.745018720627
29,19,0.25,0.62,1,0.596115350723,0.617719531059,0.227403014898,0.973800718784,0,0.632499814034,0.773527622223
0,20,-0.25,-0.62,-1,-0.632499814034,0.773527622223,0.227402791381,-0.973800778389,0,-0.596115350723,0.617719531059
1,20,-0.25,-0.62,1,-0.680461287498,0.745018720627,0.924015641212,-0.382354825735,0,-0.532618761063,0.683841943741
2,20,-0.25,0,-1,-0.0711236596107,0.636791348457,0.649747669697,0.76014995575,0,0.0328359678388,0.758415341377
3,20,-0.25,0,1,0.0323560833931,0.690084338188,-0.73425424099,0.678874611855,0,-0.0851245895028,0.798704266548
4,20,-0.25,0.62,-1,0.651154756546,0.736034095287,-0.889152824879,-0.457610309124,0,0.508890271187,0.662816464901
5,20,-0.25,0.62,1,0.580910027027,0.565793335438,0.245719045401,0.969341099262,0,0.620225071907,0.720887899399
6,20,-0.125,-0.62,-1,-0.623971760273,0.73721909523,0.224758759141,-0.974414467812,0,-0.588010370731,0.581312775612
7,20,-0.125,-0.62,1,0.207684233785,-0.233263090253,0.51981908083,0.854276359081,1,0.207684233785,-0.233263090253
8,20,-0.125,0,-1,0.0865966975689,0.795591473579,-0.75335508585,-0.657613992691,0,-0.0339401140809,0.690373241901
9,20,-0.125,0,1,0.207684233785,-0.233263090253,0.51981908083,0.854276359081,1,0.207684233785,-0.233263090253
10,20,-0.125,0.62,-1,0.525045454502,0.682347238064,0.929583311081,0.368612200022,0,0.673778772354,0.741325199604
11,20,-0.125,0.62,1,0.207684233785,-0.233263090253,0.51981908083,0.854276359081,1,0.207684233785,-0.233263090253
12,20,0,-0.62,-1,-0.612439095974,0.690497398376,-0.24825617671,0.968694388866,0,-0.652160108089,0.845488488674
13,20,0,-0.62,1,-0.530299842358,0.680158495903,-0.913906812668,0.405923992395,0,-0.676524937153,0.745106339455
14,20,0,0,-1,0.0717218369246,0.791896283627,-0.706247508526,-0.707965016365,0,-0.0412777587771,0.678621888161
15,20,0,0,1,-0.0717218369246,0.791896283627,0.706247508526,-0.707965016365,0,0.0412777587771,0.678621888161
16,20,0,0.62,-1,0.530299842358,0.680158495903,0.913906812668,0.405923992395,0,0.676524937153,0.745106339455
17,20,0,0.62,1,0.612439095974,0.690497398376,0.24825617671,0.968694388866,0,0.652160108089,0.845488488674
18,20,0.125,-0.62,-1,-0.207684233785,-0.233263090253,-0.51981908083,0.854276359081,1,-0.207684233785,-0.233263090253
19,20,0.125,-0.62,1,-0.525045454502,0.682347238064,-0.929583311081,0.368612200022,0,-0.673778772354,0.741325199604
20,20,0.125,0,-1,-0.207684233785,-0.233263090253,-0.51981908083,0.854276359081,1,-0.207684233785,-0.233263090253
21,20,0.125,0,1,-0.0865966975689,0.795591473579,0.75335508585,-0.657613992691,0,0.0339401140809,0.690373241901
22,20,0.125,0.62,-1,-0.207684233785,-0.233263090253,-0.51981908083,0.854276359081,1,-0.207684233785,-0.233263090253
23,20,0.125,0.62,1,0.623971760273,0.73721909523,-0.224758759141,-0.974414467812,0,0.588010370731,0.581312775612
24,20,0.25,-0.62,-1,-0.580910027027,0.565793335438,-0.245719045401,0.969341099262,0,-0.620225071907,0.720887899399
25,20,0.25,-0.62,1,-0.651154756546,0.736034095287,0.889152824879,-0.457610309124,0,-0.508890271187,0.662816464901
26,20,0.25,0,-1,-0.0323560833931,0.690084338188,0.73425424099,0.678874611855,0,0.0851245895028,0.798704266548
27,20,0.25,0,1,0.0711236596107,0.636791348457,-0.649747669697,0.76014995575,0,-0.0328359678388,0.758415341377
28,20,0.25,0.62,-1,0.680461287498,0.745018720627,-0.924015641212,-0.382354825735,0,0.532618761063,0.683841943741
29,20,0.25,0.62,1,0.632499814034,0.773527622223,-0.227402791381,-0.973800778389,0,0.596115350723,0.617719531059
0,21,-0.25,-0.62,-1,-0.596115350723,0.617719531059,-0.227403014898,0.973800718784,0,-0.632499814034,0.773527622223
1,21,-0.25,-0.62,1,-0.532618761063,0.683841943741,-0.924015581608,0.382354736328,0,-0.680461287498,0.745018720627
2,21,-0.25,0,-1,0.0328359678388,0.758415341377,-0.649747669697,-0.76014995575,0,-0.0711236596107,0.636791348457
3,21,-0.25,0,1,-0.0851245895028,0.798704266548,0.73425424099,-0.678874611855,0,0.0323560833931,0.690084338188
4,21,-0.25,0.62,-1,0.508890271187,0.662816464901,0.889153003693,0.457610100508,0,0.651154756546,0.736034095287
5,21,-0.25,0.62,1,0.620225071907,0.720887899399,-0.245719119906,-0.969341099262,0,0.580910027027,0.565793335438
6,21,-0.125,-0.62,-1,-0.588010370731,0.581312775612,-0.224758669734,0.974414467812,0,-0.623971760273,0.73721909523
7,21,-0.125,-0.62,1,0.207684233785,-0.233263090253,0.51981908083,0.854276359081,1,0.207684233785,-0.233263090253
8,21,-0.125,0,-1,-0.0339401140809,0.690373241901,0.75335508585,0.657613873482,0,0.0865966975689,0.795591473579
9,21,-0.125,0,1,0.207684233785,-0.233263090253,0.51981908083,0.854276359081,1,0.207684233785,-0.233263090253
10,21,-0.125,0.62,-1,0.673778772354,0.741325199604,-0.929583132267,-0.368612378836,0,0.525045454502,0.682347238064
11,21,-0.125,0.62,1,0.207684233785,-0.233263090253,0.51981908083,0.854276359081,1,0.207684233785,-0.233263090253
12,21,0,-0.62,-1,-0.652160108089,0.845488488674,0.248256385326,-0.968694329262,0,-0.612439095974,0.690497398376
13,21,0,-0.62,1,-0.676524937153,0.745106339455,0.913906812668,-0.405924022198,0,-0.530299842358,0.680158495903
14,21,0,0,-1,-0.0412777587771,0.678621888161,0.706247508526,0.707965016365,0,0.0717218369246,0.791896283627
15,21,0,0,1,0.0412777587771,0.678621888161,-0.706247508526,0.707965016365,0,-0.0717218369246,0.791896283627
16,21,0,0.62,-1,0.676524937153,0.745106339455,-0.913906812668,-0.405924022198,0,0.530299842358,0.680158495903
17,21,0,0.62,1,0.652160108089,0.845488488674,-0.248256385326,-0.968694329262,0,0.612439095974,0.690497398376
18,21,0.125,-0.62,-1,-0.207684233785,-0.233263090253,-0.51981908083,0.854276359081,1,-0.207684233785,-0.233263090253
19,21,0.125,-0.62,1,-0.673778772354,0.741325199604,0.929583132267,-0.368612378836,0,-0.525045454502,0.682347238064
20,21,0.125,0,-1,-0.207684233785,-0.233263090253,-0.51981908083,0.854276359081,1,-0.207684233785,-0.233263090253
21,21,0.125,0,1,0.0339401140809,0.690373241901,-0.75335508585,0.657613873482,0,-0.0865966975689,0.795591473579
22,21,0.125,0.62,-1,-0.207684233785,-0.233263090253,-0.51981908083,0.854276359081,1,-0.207684233785,-0.233263090253
23,21,0.125,0.62,1,0.588010370731,0.581312775612,0.224758669734,0.974414467812,0,0.623971760273,0.73721909523
24,21,0.25,-0.62,-1,-0.620225071907,0.720887899399,0.245719119906,-0.969341099262,0,-0.580910027027,0.565793335438
25,21,0.25,-0.62,1,-0.508890271187,0.662816464901,-0.889153003693,0.457610100508,0,-0.651154756546,0.736034095287
26,21,0.25,0,-1,0.0851245895028,0.798704266548,-0.73425424099,-0.678874611855,0,-0.0323560833931,0.690084338188
27,21,0.25,0,1,-0.0328359678388,0.758415341377,0.649747669697,-0.76014995575,0,0.0711236596107,0.636791348457
28,21,0.25,0.62,-1,0.532618761063,0.683841943741,0.924015581608,0.382354736328,0,0.680461287498,0.745018720627
29,21,0.25,0.62,1,0.596115350723,0.617719531059,0.227403014898,0.973800718784,0,0.632499814034,0.773527622223
0,22,-0.25,-0.62,-1,-0.632499814034,0.773527622223,0.227402791381,-0.973800778389,0,-0.596115350723,0.617719531059
1,22,-0.25,-0.62,1,-0.680461287498,0.745018720627,0.924015641212,-0.382354825735,0,-0.532618761063,0.683841943741
2,22,-0.25,0,-1,-0.0711236596107,0.636791348457,0.649747669697,0.76014995575,0,0.0328359678388,0.758415341377
3,22,-0.25,0,1,0.0323560833931,0.690084338188,-0.73425424099,0.678874611855,0,-0.0851245895028,0.798704266548
4,22,-0.25,0.62,-1,0.651154756546,0.736034095287,-0.889152824879,-0.457610309124,0,0.508890271187,0.662816464901
5,22,-0.25,0.62,1,0.580910027027,0.565793335438,0.245719045401,0.969341099262,0,0.620225071907,0.720887899399
6,22,-0.125,-0.62,-1,-0.623971760273,0.73721909523,0.224758759141,-0.974414467812,0,-0.588010370731,0.581312775612
7,22,-0.125,-0.62,1,0.207684233785,-0.233263090253,0.51981908083,0.854276359081,1,0.207684233785,-0.233263090253
8,22,-0.125,0,-1,0.0865966975689,0.795591473579,-0.75335508585,-0.657613992691,0,-0.0339401140809,0.690373241901
9,22,-0.125,0,1,0.207684233785,-0.233263090253,0.51981908083,0.854276359081,1,0.207684233785,-0.233263090253
10,22,-0.125,0.62,-1,0.525045454502,0.682347238064,0.929583311081,0.368612200022,0,0.673778772354,0.741325199604
11,22,-0.125,0.62,1,0.207684233785,-0.233263090253,0.51981908083,0.854276359081,1,0.207684233785,-0.233263090253
12,22,0,-0.62,-1,-0.612439095974,0.690497398376,-0.24825617671,0.968694388866,0,-0.652160108089,0.845488488674
13,22,0,-0.62,1,-0.530299842358,0.680158495903,-0.913906812668,0.405923992395,0,-0.676524937153,0.745106339455
14,22,0,0,-1,0.0717218369246,0.791896283627,-0.706247508526,-0.707965016365,0,-0.0412777587771,0.678621888161
15,22,0,0,1,-0.0717218369246,0.791896283627,0.706247508526,-0.707965016365,0,0.0412777587771,0.678621888161
16,22,0,0.62,-1,0.530299842358,0.680158495903,0.913906812668,0.405923992395,0,0.676524937153,0.745106339455
17,22,0,0.62,1,0.612439095974,0.690497398376,0.24825617671,0.968694388866,0,0.652160108089,0.845488488674
18,22,0.125,-0.62,-1,-0.207684233785,-0.233263090253,-0.51981908083,0.854276359081,1,-0.207684233785,-0.233263090253
19,22,0.125,-0.62,1,-0.525045454502,0.682347238064,-0.929583311081,0.368612200022,0,-0.673778772354,0.741325199604
20,22,0.125,0,-1,-0.207684233785,-0.233263090253,-0.51981908083,0.854276359081,1,-0.207684233785,-0.233263090253
21,22,0.125,0,1,-0.0865966975689,0.795591473579,0.75335508585,-0.657613992691,0,0.0339401140809,0.690373241901
22,22,0.125,0.62,-1,-0.207684233785,-0.233263090253,-0.51981908083,0.854276359081,1,-0.207684233785,-0.233263090253
23,22,0.125,0.62,1,0.623971760273,0.73721909523,-0.224758759141,-0.974414467812,0,0.588010370731,0.581312775612
24,22,0.25,-0.62,-1,-0.580910027027,0.565793335438,-0.245719045401,0.969341099262,0,-0.620225071907,0.720887899399
25,22,0.25,-0.62,1,-0.651154756546,0.736034095287,0.889152824879,-0.457610309124,0,-0.508890271187,0.662816464901
26,22,0.25,0,-1,-0.0323560833931,0.690084338188,0.73425424099,0.678874611855,0,0.0851245895028,0.798704266548
27,22,0.25,0,1,0.0711236596107,0.636791348457,-0.649747669697,0.76014995575,0,-0.0328359678388,0.758415341377
28,22,0.25,0.62,-1,0.680461287498,0.745018720627,-0.924015641212,-0.382354825735,0,0.532618761063,0.683841943741
29,22,0.25,0.62,1,0.632499814034,0.773527622223,-0.227402791381,-0.973800778389,0,0.596115350723,0.617719531059
0,23,-0.25,-0.62,-1,-0.596115350723,0.617719531059,-0.227403014898,0.973800718784,0,-0.632499814034,0.773527622223
1,23,-0.25,-0.62,1,-0.532618761063,0.683841943741,-0.924015581608,0.382354736328,0,-0.680461287498,0.745018720627
2,23,-0.25,0,-1,0.0328359678388,0.758415341377,-0.649747669697,-0.76014995575,0,-0.0711236596107,0.636791348457
3,23,-0.25,0,1,-0.0851245895028,0.798704266548,0.73425424099,-0.678874611855,0,0.0323560833931,0.690084338188
4,23,-0.25,0.62,-1,0.508890271187,0.662816464901,0.889153003693,0.457610100508,0,0.651154756546,0.736034095287
5,23,-0.25,0.62,1,0.620225071907,0.720887899399,-0.245719119906,-0.969341099262,0,0.580910027027,0.565793335438
6,23,-0.125,-0.62,-1,-0.588010370731,0.581312775612,-0.224758669734,0.974414467812,0,-0.623971760273,0.73721909523
7,23,-0.125,-0.62,1,0.207684233785,-0.233263090253,0.51981908083,0.854276359081,1,0.207684233785,-0.233263090253
8,23,-0.125,0,-1,-0.0339401140809,0.690373241901,0.75335508585,0.657613873482,0,0.0865966975689,0.795591473579
9,23,-0.125,0,1,0.207684233785,-0.233263090253,0.51981908083,0.854276359081,1,0.207684233785,-0.233263090253
10,23,-0.125,0.62,-1,0.673778772354,0.741325199604,-0.929583132267,-0.368612378836,0,0.525045454502,0.682347238064
11,23,-0.125,0.62,1,0.207684233785,-0.233263090253,0.51981908083,0.854276359081,1,0.207684233785,-0.233263090253
12,23,0,-0.62,-1,-0.652160108089,0.845488488674,0.248256385326,-0.968694329262,0,-0.612439095974,0.690497398376
13,23,0,-0.62,1,-0.676524937153,0.745106339455,0.913906812668,-0.405924022198,0,-0.530299842358,0.680158495903
14,23,0,0,-1,-0.0412777587771,0.678621888161,0.706247508526,0.707965016365,0,0.0717218369246,0.791896283627
15,23,0,0,1,0.0412777587771,0.678621888161,-0.706247508526,0.707965016365,0,-0.0717218369246,0.791896283627
16,23,0,0.62,-1,0.676524937153,0.745106339455,-0.913906812668,-0.405924022198,0,0.530299842358,0.680158495903
17,23,0,0.62,1,0.652160108089,0.845488488674,-0.248256385326,-0.968694329262,0,0.612439095974,0.690497398376
18,23,0.125,-0.62,-1,-0.207684233785,-0.233263090253,-0.51981908083,0.854276359081,1,-0.207684233785,-0.233263090253
19,23,0.125,-0.62,1,-0.673778772354,0.741325199604,0.929583132267,-0.368612378836,0,-0.525045454502,0.682347238064
20,23,0.125,0,-1,-0.207684233785,-0.233263090253,-0.51981908083,0.854276359081,1,-0.207684233785,-0.233263090253
21,23,0.125,0,1,0.0339401140809,0.690373241901,-0.75335508585,0.657613873482,0,-0.0865966975689,0.795591473579
22,23,0.125,0.62,-1,-0.207684233785,-0.233263090253,-0.51981908083,0.854276359081,1,-0.207684233785,-0.233263090253
23,23,0.125,0.62,1,0.588010370731,0.581312775612,0.224758669734,0.974414467812,0,0.623971760273,0.73721909523
24,23,0.25,-0.62,-1,-0.620225071907,0.720887899399,0.245719119906,-0.969341099262,0,-0.580910027027,0.565793335438
25,23,0.25,-0.62,1,-0.508890271187,0.662816464901,-0.889153003693,0.457610100508,0,-0.651154756546,0.736034095287
26,23,0.25,0,-1,0.0851245895028,0.798704266548,-0.73425424099,-0.678874611855,0,-0.0323560833931,0.690084338188
27,23,0.25,0,1,-0.0328359678388,0.758415341377,0.649747669697,-0.76014995575,0,0.0711236596107,0.636791348457
28,23,0.25,0.62,-1,0.532618761063,0.683841943741,0.924015581608,0.382354736328,0,0.680461287498,0.745018720627
29,23,0.25,0.62,1,0.596115350723,0.617719531059,0.227403014898,0.973800718784,0,0.632499814034,0.773527622223
